Name,Market,ISU_CD
삼성전자,KOSPI,KR7005930003
SK하이닉스,KOSPI,KR7000660001
LG에너지솔루션,KOSPI,KR7373220003
삼성전자우,KOSPI,KR7005931001
삼성바이오로직스,KOSPI,KR7207940008
현대차,KOSPI,KR7005380001
한화에어로스페이스,KOSPI,KR7012450003
HD현대중공업,KOSPI,KR7329180004
두산에너빌리티,KOSPI,KR7034020008
기아,KOSPI,KR7000270009
SK스퀘어,KOSPI,KR7402340004
KB금융,KOSPI,KR7105560007
삼성물산,KOSPI,KR7028260008
셀트리온,KOSPI,KR7068270008
한화오션,KOSPI,KR7042660001
현대모비스,KOSPI,KR7012330007
NAVER,KOSPI,KR7035420009
신한지주,KOSPI,KR7055550008
한국전력,KOSPI,KR7015760002
삼성생명,KOSPI,KR7032830002
고려아연,KOSPI,KR7010130003
HD현대일렉트릭,KOSPI,KR7267260008
HD한국조선해양,KOSPI,KR7009540006
알테오젠,KOSDAQ GLOBAL,KR7196170005
하나금융지주,KOSPI,KR7086790003
POSCO홀딩스,KOSPI,KR7005490008
삼성중공업,KOSPI,KR7010140002
카카오,KOSPI,KR7035720002
LG화학,KOSPI,KR7051910008
현대로템,KOSPI,KR7064350002
삼성SDI,KOSPI,KR7006400006
삼성화재,KOSPI,KR7000810002
효성중공업,KOSPI,KR7298040007
SK,KOSPI,KR7034730002
삼성전기,KOSPI,KR7009150004
우리금융지주,KOSPI,KR7316140003
현대글로비스,KOSPI,KR7086280005
HMM,KOSPI,KR7011200003
HD현대,KOSPI,KR7267250009
메리츠금융지주,KOSPI,KR7138040001
SK이노베이션,KOSPI,KR7096770003
미래에셋증권,KOSPI,KR7006800007
한화시스템,KOSPI,KR7272210006
한미반도체,KOSPI,KR7042700005
KT&G,KOSPI,KR7033780008
포스코퓨처엠,KOSPI,KR7003670007
기업은행,KOSPI,KR7024110009
삼성에피스홀딩스,KOSPI,KR70126Z0002
LG전자,KOSPI,KR7066570003
LS ELECTRIC,KOSPI,KR7010120004
한국항공우주,KOSPI,KR7047810007
하이브,KOSPI,KR7352820005
에코프로비엠,KOSDAQ GLOBAL,KR7247540008
삼성에스디에스,KOSPI,KR7018260000
KT,KOSPI,KR7030200000
LG,KOSPI,KR7003550001
두산,KOSPI,KR7000150003
현대오토에버,KOSPI,KR7307950006
에코프로,KOSDAQ GLOBAL,KR7086520004
SK텔레콤,KOSPI,KR7017670001
LIG넥스원,KOSPI,KR7079550000
현대건설,KOSPI,KR7000720003
크래프톤,KOSPI,KR7259960003
에이비엘바이오,KOSDAQ,KR7298380007
카카오뱅크,KOSPI,KR7323410001
한국금융지주,KOSPI,KR7071050009
S-Oil,KOSPI,KR7010950004
포스코인터내셔널,KOSPI,KR7047050000
레인보우로보틱스,KOSDAQ,KR7277810008
현대차2우B,KOSPI,KR7005382007
SK바이오팜,KOSPI,KR7326030004
한화,KOSPI,KR7000880005
에이피알,KOSPI,KR7278470000
삼양식품,KOSPI,KR7003230000
대한항공,KOSPI,KR7003490000
이수페타시스,KOSPI,KR7007660004
키움증권,KOSPI,KR7039490008
DB손해보험,KOSPI,KR7005830005
유한양행,KOSPI,KR7000100008
한진칼,KOSPI,KR7180640005
HD현대마린솔루션,KOSPI,KR7443060009
NH투자증권,KOSPI,KR7005940002
한국타이어앤테크놀로지,KOSPI,KR7161390000
삼성증권,KOSPI,KR7016360000
아모레퍼시픽,KOSPI,KR7090430000
LS,KOSPI,KR7006260004
HLB,KOSDAQ,KR7028300002
LG이노텍,KOSPI,KR7011070000
LG씨엔에스,KOSPI,KR7064400005
카카오페이,KOSPI,KR7377300009
삼천당제약,KOSDAQ,KR7000250001
LG유플러스,KOSPI,KR7032640005
포스코DX,KOSPI,KR7022100002
현대차우,KOSPI,KR7005381009
LG디스플레이,KOSPI,KR7034220004
코오롱티슈진,KOSDAQ,KR8840120008
삼성카드,KOSPI,KR7029780004
리가켐바이오,KOSDAQ GLOBAL,KR7141080002
두산밥캣,KOSPI,KR7241560002
두산로보틱스,KOSPI,KR7454910001
한미약품,KOSPI,KR7128940004
GS,KOSPI,KR7078930005
코웨이,KOSPI,KR7021240007
CJ,KOSPI,KR7001040005
펩트론,KOSDAQ,KR7087010005
맥쿼리인프라,KOSPI,KR7088980008
엔씨소프트,KOSPI,KR7036570000
삼성E&A,KOSPI,KR7028050003
리노공업,KOSDAQ GLOBAL,KR7058470006
한화솔루션,KOSPI,KR7009830001
한전기술,KOSPI,KR7052690005
대한전선,KOSPI,KR7001440007
BNK금융지주,KOSPI,KR7138930003
JB금융지주,KOSPI,KR7175330000
한화엔진,KOSPI,KR7082740002
엘앤에프,KOSPI,KR7066970005
산일전기,KOSPI,KR7062040001
파마리서치,KOSDAQ GLOBAL,KR7214450009
오리온,KOSPI,KR7271560005
넷마블,KOSPI,KR7251270005
현대제철,KOSPI,KR7004020004
LG생활건강,KOSPI,KR7051900009
디앤디파마텍,KOSDAQ,KR7347850000
SKC,KOSPI,KR7011790003
케어젠,KOSDAQ,KR7214370009
클래시스,KOSDAQ GLOBAL,KR7214150005
KCC,KOSPI,KR7002380004
에코프로머티,KOSPI,KR7450080007
SK바이오사이언스,KOSPI,KR7302440003
강원랜드,KOSPI,KR7035250000
원익IPS,KOSDAQ GLOBAL,KR7240810002
로보티즈,KOSDAQ,KR7108490004
영원무역,KOSPI,KR7111770004
DB하이텍,KOSPI,KR7000990002
이오테크닉스,KOSDAQ GLOBAL,KR7039030002
금호석유화학,KOSPI,KR7011780004
보로노이,KOSDAQ,KR7310210000
한국가스공사,KOSPI,KR7036460004
에임드바이오,KOSDAQ,KR70009K0001
현대엘리베이터,KOSPI,KR7017800004
풍산,KOSPI,KR7103140000
서울보증보험,KOSPI,KR7031210008
원익홀딩스,KOSDAQ,KR7030530000
현대무벡스,KOSDAQ,KR7319400008
한온시스템,KOSPI,KR7018880005
롯데케미칼,KOSPI,KR7011170008
CJ제일제당,KOSPI,KR7097950000
HD현대마린엔진,KOSPI,KR7071970008
HL만도,KOSPI,KR7204320006
HPSP,KOSDAQ GLOBAL,KR7403870009
휴젤,KOSDAQ GLOBAL,KR7145020004
일진전기,KOSPI,KR7103590006
롯데지주,KOSPI,KR7004990008
에스원,KOSPI,KR7012750006
한화생명,KOSPI,KR7088350004
한솔케미칼,KOSPI,KR7014680003
더존비즈온,KOSPI,KR7012510004
올릭스,KOSDAQ,KR7226950004
신세계,KOSPI,KR7004170007
한화비전,KOSPI,KR7489790006
한올바이오파마,KOSPI,KR7009420001
메지온,KOSDAQ,KR7140410002
셀트리온제약,KOSDAQ,KR7068760008
미스토홀딩스,KOSPI,KR7081660003
대한조선,KOSPI,KR7439260001
HD현대인프라코어,KOSPI,KR7042670000
오름테라퓨틱,KOSDAQ,KR7475830006
실리콘투,KOSDAQ,KR7257720003
에스엠,KOSDAQ GLOBAL,KR7041510009
동서,KOSPI,KR7026960005
대덕전자,KOSPI,KR7353200009
한국앤컴퍼니,KOSPI,KR7000240002
에스티팜,KOSDAQ GLOBAL,KR7237690003
신영증권,KOSPI,KR7001720002
펄어비스,KOSDAQ GLOBAL,KR7263750002
F&F,KOSPI,KR7383220001
한미사이언스,KOSPI,KR7008930000
영원무역홀딩스,KOSPI,KR7009970005
농심,KOSPI,KR7004370003
한전KPS,KOSPI,KR7051600005
JYP Ent.,KOSDAQ GLOBAL,KR7035900000
효성,KOSPI,KR7004800009
세아베스틸지주,KOSPI,KR7001430008
HJ중공업,KOSPI,KR7097230007
현대위아,KOSPI,KR7011210002
현대해상,KOSPI,KR7001450006
제일기획,KOSPI,KR7030000004
에스엘,KOSPI,KR7005850003
두산퓨얼셀,KOSPI,KR7336260005
이마트,KOSPI,KR7139480008
솔브레인,KOSDAQ GLOBAL,KR7357780006
iM금융지주,KOSPI,KR7139130009
삼현,KOSDAQ,KR7437730005
ISC,KOSDAQ GLOBAL,KR7095340006
CJ대한통운,KOSPI,KR7000120006
팬오션,KOSPI,KR7028670008
알지노믹스,KOSDAQ,KR7476830005
현대백화점,KOSPI,KR7069960003
코리안리,KOSPI,KR7003690005
코스맥스,KOSPI,KR7192820009
OCI홀딩스,KOSPI,KR7010060002
롯데쇼핑,KOSPI,KR7023530009
SK가스,KOSPI,KR7018670000
HD현대건설기계,KOSPI,KR7267270007
동진쎄미켐,KOSDAQ,KR7005290002
아모레퍼시픽홀딩스,KOSPI,KR7002790004
에스피지,KOSDAQ,KR7058610007
두산우,KOSPI,KR7000151001
시프트업,KOSPI,KR7462870007
BGF리테일,KOSPI,KR7282330000
SK아이이테크놀로지,KOSPI,KR7361610009
고영,KOSDAQ,KR7098460009
심텍,KOSDAQ GLOBAL,KR7222800005
대웅제약,KOSPI,KR7069620003
티씨케이,KOSDAQ GLOBAL,KR7064760002
유진테크,KOSDAQ,KR7084370006
녹십자,KOSPI,KR7006280002
SNT다이내믹스,KOSPI,KR7003570009
대우건설,KOSPI,KR7047040001
하나마이크론,KOSDAQ,KR7067310003
하이젠알앤엠,KOSDAQ,KR7160190005
비에이치아이,KOSDAQ,KR7083650002
테크윙,KOSDAQ,KR7089030001
큐리옥스바이오시스템즈,KOSDAQ,KR7445680002
호텔신라,KOSPI,KR7008770000
이수스페셜티케미컬,KOSPI,KR7457190007
한국카본,KOSPI,KR7017960006
동원산업,KOSPI,KR7006040000
다우기술,KOSPI,KR7023590003
미래에셋증권2우B,KOSPI,KR700680K019
롯데에너지머티리얼즈,KOSPI,KR7020150009
GS리테일,KOSPI,KR7007070006
금호타이어,KOSPI,KR7073240004
달바글로벌,KOSPI,KR7483650008
씨에스윈드,KOSPI,KR7112610001
오스코텍,KOSDAQ,KR7039200001
SK리츠,KOSPI,KR7395400005
파크시스템스,KOSDAQ GLOBAL,KR7140860008
클로봇,KOSDAQ,KR7466100005
롯데관광개발,KOSPI,KR7032350001
DL이앤씨,KOSPI,KR7375500006
씨어스테크놀로지,KOSDAQ,KR7458870003
GS건설,KOSPI,KR7006360002
아시아나항공,KOSPI,KR7020560009
신성델타테크,KOSDAQ,KR7065350001
미래에셋생명,KOSPI,KR7085620003
파라다이스,KOSPI,KR7034230003
서진시스템,KOSDAQ,KR7178320008
오뚜기,KOSPI,KR7007310006
휴림로봇,KOSDAQ,KR7090710005
주성엔지니어링,KOSDAQ GLOBAL,KR7036930006
한국콜마,KOSPI,KR7161890009
엠앤씨솔루션,KOSPI,KR7484870001
LS마린솔루션,KOSDAQ,KR7060370004
가온전선,KOSPI,KR7000500009
STX엔진,KOSPI,KR7077970002
코리아써키트,KOSPI,KR7007810005
코스모신소재,KOSPI,KR7005070008
리브스메드,KOSDAQ,KR7491000006
대신증권,KOSPI,KR7003540002
LX인터내셔널,KOSPI,KR7001120005
DN오토모티브,KOSPI,KR7007340003
엔켐,KOSDAQ,KR7348370008
엘앤씨바이오,KOSDAQ,KR7290650001
CJ ENM,KOSDAQ GLOBAL,KR7035760008
스튜디오드래곤,KOSDAQ GLOBAL,KR7253450001
지투지바이오,KOSDAQ,KR7456160001
HDC현대산업개발,KOSPI,KR7294870001
현대지에프홀딩스,KOSPI,KR7005440003
HK이노엔,KOSDAQ GLOBAL,KR7195940002
네이처셀,KOSDAQ,KR7007390008
쎄트렉아이,KOSDAQ,KR7099320004
와이지엔터테인먼트,KOSDAQ,KR7122870009
카카오게임즈,KOSDAQ GLOBAL,KR7293490009
LG화학우,KOSPI,KR7051911006
오리온홀딩스,KOSPI,KR7001800002
에스앤에스텍,KOSDAQ,KR7101490001
하이트진로,KOSPI,KR7000080002
SK오션플랜트,KOSPI,KR7100090000
대웅,KOSPI,KR7003090008
피에스케이홀딩스,KOSDAQ,KR7031980006
씨젠,KOSDAQ,KR7096530001
효성티앤씨,KOSPI,KR7298020009
하림지주,KOSDAQ GLOBAL,KR7003380003
한일시멘트,KOSPI,KR7300720000
와이씨,KOSDAQ,KR7232140004
일동제약,KOSPI,KR7249420001
KB발해인프라,KOSPI,KR7415640002
피에스케이,KOSDAQ GLOBAL,KR7319660007
롯데리츠,KOSPI,KR7330590001
코오롱인더,KOSPI,KR7120110002
지역난방공사,KOSPI,KR7071320006
태성,KOSDAQ,KR7323280008
차바이오텍,KOSDAQ,KR7085660009
SK케미칼,KOSPI,KR7285130001
롯데칠성,KOSPI,KR7005300009
롯데정밀화학,KOSPI,KR7004000006
종근당,KOSPI,KR7185750007
삼성화재우,KOSPI,KR7000811000
에이프릴바이오,KOSDAQ,KR7397030008
LS에코에너지,KOSPI,KR7229640008
루닛,KOSDAQ,KR7328130000
앱클론,KOSDAQ,KR7174900001
세진중공업,KOSPI,KR7075580001
SK디스커버리,KOSPI,KR7006120000
로킷헬스케어,KOSDAQ,KR7376900007
교보증권,KOSPI,KR7030610000
더블유게임즈,KOSPI,KR7192080000
큐리언트,KOSDAQ,KR7115180002
ESR켄달스퀘어리츠,KOSPI,KR7365550003
하나머티리얼즈,KOSDAQ GLOBAL,KR7166090001
롯데렌탈,KOSPI,KR7089860001
한화투자증권,KOSPI,KR7003530003
제이앤티씨,KOSDAQ,KR7204270003
제주반도체,KOSDAQ,KR7080220007
동양생명,KOSPI,KR7082640004
파두,KOSDAQ,KR7440110005
한샘,KOSPI,KR7009240003
유일로보틱스,KOSDAQ,KR7388720005
필옵틱스,KOSDAQ,KR7161580006
코미코,KOSDAQ GLOBAL,KR7183300003
에스디바이오센서,KOSPI,KR7137310009
대한유화,KOSPI,KR7006650006
롯데웰푸드,KOSPI,KR7280360009
인벤티지랩,KOSDAQ,KR7389470006
HDC,KOSPI,KR7012630000
젬백스,KOSDAQ,KR7082270000
테스,KOSDAQ,KR7095610002
노타,KOSDAQ,KR7486990005
NHN,KOSPI,KR7181710005
CJ CGV,KOSPI,KR7079160008
두산테스나,KOSDAQ GLOBAL,KR7131970006
SK네트웍스,KOSPI,KR7001740000
쿠쿠홀딩스,KOSPI,KR7192400000
영풍,KOSPI,KR7000670000
SNT모티브,KOSPI,KR7064960008
한화3우B,KOSPI,KR700088K015
유진로봇,KOSDAQ,KR7056080005
씨엠티엑스,KOSDAQ,KR7388210007
프로티나,KOSDAQ,KR7468530001
NICE평가정보,KOSPI,KR7030190003
RFHIC,KOSDAQ,KR7218410009
성호전자,KOSDAQ,KR7043260009
해성디에스,KOSPI,KR7195870001
대주전자재료,KOSDAQ,KR7078600004
레이크머티리얼즈,KOSDAQ,KR7281740001
SFA반도체,KOSDAQ,KR7036540003
HS효성첨단소재,KOSPI,KR7298050006
LG전자우,KOSPI,KR7066571001
지아이이노베이션,KOSDAQ,KR7358570000
위메이드,KOSDAQ,KR7112040001
서부T&D,KOSDAQ,KR7006730006
온코닉테라퓨틱스,KOSDAQ,KR7476060009
세방전지,KOSPI,KR7004490009
SNT홀딩스,KOSPI,KR7036530004
비츠로셀,KOSDAQ,KR7082920000
명인제약,KOSPI,KR7317450005
피엔티,KOSDAQ GLOBAL,KR7137400008
덕산네오룩스,KOSDAQ GLOBAL,KR7213420003
이뮨온시아,KOSDAQ,KR7424870004
메디톡스,KOSDAQ,KR7086900008
GS피앤엘,KOSPI,KR7499790004
디아이,KOSPI,KR7003160009
LS머트리얼즈,KOSDAQ,KR7417200003
에이치브이엠,KOSDAQ,KR7295310007
에스에프에이,KOSDAQ GLOBAL,KR7056190002
세미파이브,KOSDAQ,KR7490470002
케이씨텍,KOSPI,KR7281820001
LX세미콘,KOSPI,KR7108320003
태광산업,KOSPI,KR7003240009
GKL,KOSPI,KR7114090004
인투셀,KOSDAQ,KR7287840003
경동나비엔,KOSPI,KR7009450008
뉴로메카,KOSDAQ,KR7348340001
넥슨게임즈,KOSDAQ,KR7225570001
한국금융지주우,KOSPI,KR7071051007
동성화인텍,KOSDAQ,KR7033500000
디어유,KOSDAQ,KR7376300000
스피어,KOSDAQ,KR7347700007
후성,KOSPI,KR7093370005
파미셀,KOSPI,KR7005690003
성광벤드,KOSDAQ,KR7014620009
SNT에너지,KOSPI,KR7100840008
우리기술,KOSDAQ,KR7032820003
유안타증권,KOSPI,KR7003470002
솔브레인홀딩스,KOSDAQ GLOBAL,KR7036830008
한화리츠,KOSPI,KR7451800007
F&F홀딩스,KOSPI,KR7007700008
넥센타이어,KOSPI,KR7002350007
로보스타,KOSDAQ,KR7090360009
대상,KOSPI,KR7001680008
포스코엠텍,KOSDAQ GLOBAL,KR7009520008
DL,KOSPI,KR7000210005
한국단자,KOSPI,KR7025540006
TKG휴켐스,KOSPI,KR7069260008
카페24,KOSDAQ,KR7042000000
동국제약,KOSDAQ GLOBAL,KR7086450004
아이티센글로벌,KOSDAQ,KR7124500000
아난티,KOSDAQ,KR7025980004
SOOP,KOSDAQ GLOBAL,KR7067160002
보령,KOSPI,KR7003850005
넥스틴,KOSDAQ GLOBAL,KR7348210006
이노션,KOSPI,KR7214320004
인텔리안테크,KOSDAQ,KR7189300007
케이카,KOSPI,KR7381970003
빙그레,KOSPI,KR7005180005
원텍,KOSDAQ,KR7336570007
태광,KOSDAQ,KR7023160005
프레스티지바이오파마,KOSPI,KR8702070002
전진건설로봇,KOSPI,KR7079900007
동원시스템즈,KOSPI,KR7014820005
하나투어,KOSPI,KR7039130000
코스메카코리아,KOSDAQ,KR7241710003
솔루엠,KOSPI,KR7248070005
KG모빌리티,KOSPI,KR7003620002
가온칩스,KOSDAQ,KR7399720002
미원상사,KOSPI,KR7002840007
녹십자홀딩스,KOSPI,KR7005250006
한라캐스트,KOSDAQ,KR7125490003
아이에스동서,KOSPI,KR7010780005
현대힘스,KOSDAQ,KR7460930001
재영솔루텍,KOSDAQ,KR7049630007
미래에셋벤처투자,KOSDAQ,KR7100790005
SK이터닉스,KOSPI,KR7475150009
다우데이타,KOSDAQ,KR7032190001
펌텍코리아,KOSDAQ,KR7251970000
동아쏘시오홀딩스,KOSPI,KR7000640003
이엔에프테크놀로지,KOSDAQ,KR7102710001
신풍제약,KOSPI,KR7019170000
CJ4우(전환),KOSPI,KR700104K010
큐로셀,KOSDAQ,KR7372320002
미원에스씨,KOSPI,KR7268280005
에프에스티,KOSDAQ,KR7036810000
신한알파리츠,KOSPI,KR7293940003
한화손해보험,KOSPI,KR7000370007
넥스트바이오메디컬,KOSDAQ,KR7389650003
안랩,KOSDAQ,KR7053800009
부국증권,KOSPI,KR7001270008
티에스이,KOSDAQ,KR7131290009
JW중외제약,KOSPI,KR7001060003
브이엠,KOSDAQ,KR7089970008
OCI,KOSPI,KR7456040005
원익QnC,KOSDAQ GLOBAL,KR7074600008
코나아이,KOSDAQ,KR7052400009
지노믹트리,KOSDAQ,KR7228760005
HD현대에너지솔루션,KOSPI,KR7322000001
제이에스링크,KOSDAQ,KR7127120004
금양,KOSPI,KR7001570001
현대홈쇼핑,KOSPI,KR7057050007
율촌화학,KOSPI,KR7008730004
아이쓰리시스템,KOSDAQ,KR7214430001
현대차3우B,KOSPI,KR7005383005
우리기술투자,KOSDAQ,KR7041190000
카프로,KOSPI,KR7006380000
제룡전기,KOSDAQ,KR7033100009
LX홀딩스,KOSPI,KR7383800000
성우하이텍,KOSDAQ,KR7015750003
토모큐브,KOSDAQ,KR7475960001
코오롱생명과학,KOSDAQ,KR7102940004
인카금융서비스,KOSDAQ,KR7211050000
나노신소재,KOSDAQ,KR7121600001
휴온스글로벌,KOSDAQ,KR7084110006
메디포스트,KOSDAQ,KR7078160009
대한해운,KOSPI,KR7005880000
케이엠더블유,KOSDAQ,KR7032500001
태웅,KOSDAQ,KR7044490001
아세아,KOSPI,KR7002030005
NHN KCP,KOSDAQ,KR7060250008
기가비스,KOSDAQ,KR7420770000
비나텍,KOSDAQ,KR7126340009
세아홀딩스,KOSPI,KR7058650003
티엘비,KOSDAQ,KR7356860007
코오롱,KOSPI,KR7002020006
케이아이엔엑스,KOSDAQ,KR7093320000
삼표시멘트,KOSDAQ,KR7038500005
삼양컴텍,KOSDAQ,KR7484590005
큐렉소,KOSDAQ,KR7060280005
HLB제약,KOSDAQ,KR7047920004
현대바이오,KOSDAQ,KR7048410005
한국쉘석유,KOSPI,KR7002960003
비츠로넥스텍,KOSDAQ,KR7488900002
브이티,KOSDAQ,KR7018290007
동운아나텍,KOSDAQ,KR7094170008
풍산홀딩스,KOSPI,KR7005810007
E1,KOSPI,KR7017940008
한세실업,KOSPI,KR7105630008
대신증권우,KOSPI,KR7003541000
천보,KOSDAQ,KR7278280003
제이알글로벌리츠,KOSPI,KR7348950007
지엔씨에너지,KOSDAQ,KR7119850006
고려제강,KOSPI,KR7002240000
퓨쳐켐,KOSDAQ,KR7220100002
코미팜,KOSDAQ,KR7041960006
비에이치,KOSPI,KR7090460007
네오위즈,KOSDAQ,KR7095660007
한글과컴퓨터,KOSDAQ GLOBAL,KR7030520001
에스티큐브,KOSDAQ,KR7052020005
성일하이텍,KOSDAQ,KR7365340009
코스모화학,KOSPI,KR7005420005
바이오노트,KOSPI,KR7377740006
툴젠,KOSDAQ,KR7199800004
엔젤로보틱스,KOSDAQ,KR7455900001
엠씨넥스,KOSPI,KR7097520001
HLB생명과학,KOSDAQ,KR7067630004
현대차증권,KOSPI,KR7001500008
KG스틸,KOSPI,KR7016380008
신대양제지,KOSPI,KR7016590002
다날,KOSDAQ,KR7064260003
켐트로닉스,KOSDAQ,KR7089010003
롯데손해보험,KOSPI,KR7000400002
씨아이에스,KOSDAQ GLOBAL,KR7222080004
덴티움,KOSPI,KR7145720009
티웨이항공,KOSPI,KR7091810002
태영건설,KOSPI,KR7009410002
퍼시스,KOSPI,KR7016800005
LF,KOSPI,KR7093050003
GST,KOSDAQ,KR7083450007
쿠쿠홈시스,KOSPI,KR7284740008
위메이드맥스,KOSDAQ,KR7101730000
삼천리,KOSPI,KR7004690004
솔루스첨단소재,KOSPI,KR7336370002
풀무원,KOSPI,KR7017810003
쓰리빌리언,KOSDAQ,KR7394800007
드림텍,KOSPI,KR7192650000
시노펙스,KOSDAQ,KR7025320003
에코마케팅,KOSDAQ,KR7230360000
현대그린푸드,KOSPI,KR7453340002
명신산업,KOSPI,KR7009900002
세아제강지주,KOSPI,KR7003030004
네오셈,KOSDAQ,KR7253590004
자화전자,KOSPI,KR7033240003
DB증권,KOSPI,KR7016610008
한국피아이엠,KOSDAQ,KR7448900001
일진하이솔루스,KOSPI,KR7271940009
에코프로에이치엔,KOSDAQ,KR7383310000
한일홀딩스,KOSPI,KR7003300001
티로보틱스,KOSDAQ,KR7117730002
맵스리얼티,KOSPI,KR7094800000
삼양사,KOSPI,KR7145990008
아스테라시스,KOSDAQ,KR7450950001
이녹스첨단소재,KOSDAQ GLOBAL,KR7272290008
감성코퍼레이션,KOSDAQ,KR7036620003
선익시스템,KOSDAQ,KR7171090004
동아에스티,KOSPI,KR7170900005
제주항공,KOSPI,KR7089590004
아모레퍼시픽우,KOSPI,KR7090431008
유니드,KOSPI,KR7014830004
제우스,KOSDAQ,KR7079370003
NICE,KOSPI,KR7034310003
에스티아이,KOSDAQ,KR7039440003
디아이씨,KOSPI,KR7092200005
신도리코,KOSPI,KR7029530003
삼양바이오팜,KOSPI,KR70120G0001
PI첨단소재,KOSPI,KR7178920005
삼양홀딩스,KOSPI,KR7000070003
신라젠,KOSDAQ,KR7215600008
바이넥스,KOSDAQ,KR7053030003
휴메딕스,KOSDAQ,KR7200670008
YG PLUS,KOSPI,KR7037270006
아이티켐,KOSDAQ,KR7309710002
이노스페이스,KOSDAQ,KR7462350000
한국기업평가,KOSDAQ,KR7034950006
미코,KOSDAQ,KR7059090001
쏠리드,KOSDAQ,KR7050890003
슈어소프트테크,KOSDAQ,KR7298830001
조광피혁,KOSPI,KR7004700001
삼성FN리츠,KOSPI,KR7448730002
아세아시멘트,KOSPI,KR7183190008
SPC삼립,KOSPI,KR7005610001
서연이화,KOSPI,KR7200880003
제주은행,KOSPI,KR7006220008
한화갤러리아,KOSPI,KR7452260003
에이디테크놀로지,KOSDAQ,KR7200710002
코람코라이프인프라리츠,KOSPI,KR7357120005
인화정공,KOSDAQ,KR7101930006
우진,KOSPI,KR7105840003
유티아이,KOSDAQ,KR7179900006
파이버프로,KOSDAQ,KR7368770004
엠로,KOSDAQ,KR7058970005
씨메스,KOSDAQ,KR7475400008
KCC글라스,KOSPI,KR7344820006
현대약품,KOSPI,KR7004310009
웹젠,KOSDAQ GLOBAL,KR7069080000
에스바이오메딕스,KOSDAQ,KR7304360001
한양이엔지,KOSDAQ,KR7045100005
HL홀딩스,KOSPI,KR7060980000
애경케미칼,KOSPI,KR7161000005
모베이스전자,KOSDAQ,KR7012860003
아이센스,KOSDAQ,KR7099190001
씨앤씨인터내셔널,KOSDAQ,KR7352480008
스맥,KOSDAQ,KR7099440000
원익머트리얼즈,KOSDAQ,KR7104830005
가비아,KOSDAQ,KR7079940003
티에프이,KOSDAQ,KR7425420007
나이벡,KOSDAQ,KR7138610001
천일고속,KOSPI,KR7000650002
인바디,KOSDAQ,KR7041830001
유바이오로직스,KOSDAQ,KR7206650004
농심홀딩스,KOSPI,KR7072710007
동국제강,KOSPI,KR7460860000
코세스,KOSDAQ,KR7089890008
메가스터디교육,KOSDAQ GLOBAL,KR7215200007
에스에이엠티,KOSDAQ,KR7031330004
쏘카,KOSPI,KR7403550007
두산2우B,KOSPI,KR7000152009
동화기업,KOSDAQ GLOBAL,KR7025900002
DI동일,KOSPI,KR7001530005
대한광통신,KOSDAQ,KR7010170009
에스오에스랩,KOSDAQ,KR7464080001
와이바이오로직스,KOSDAQ,KR7338840002
국일제지,KOSDAQ,KR7078130002
한중엔시에스,KOSDAQ,KR7107640005
데브시스터즈,KOSDAQ,KR7194480000
컴투스,KOSDAQ GLOBAL,KR7078340007
부광약품,KOSPI,KR7003000007
흥아해운,KOSPI,KR7003280005
그래피,KOSDAQ,KR7318060001
안트로젠,KOSDAQ,KR7065660003
프로텍,KOSDAQ,KR7053610002
한텍,KOSDAQ,KR7098070006
신세계인터내셔날,KOSPI,KR7031430002
오리엔탈정공,KOSDAQ,KR7014940001
아주IB투자,KOSDAQ,KR7027360007
스틱인베스트먼트,KOSPI,KR7026890004
칩스앤미디어,KOSDAQ,KR7094360005
한양디지텍,KOSDAQ,KR7078350006
HEM파마,KOSDAQ,KR7376270005
파트론,KOSDAQ GLOBAL,KR7091700005
INVENI,KOSPI,KR7015360001
NH투자증권우,KOSPI,KR7005941000
한전산업,KOSPI,KR7130660004
삼성전기우,KOSPI,KR7009151002
KISCO홀딩스,KOSPI,KR7001940006
갤럭시아머니트리,KOSDAQ,KR7094480001
샘씨엔에스,KOSDAQ,KR7252990007
나우로보틱스,KOSDAQ,KR7459510004
하이록코리아,KOSDAQ,KR7013030002
서희건설,KOSDAQ,KR7035890003
예스티,KOSDAQ,KR7122640006
SAMG엔터,KOSDAQ,KR7419530001
네패스,KOSDAQ,KR7033640004
지씨셀,KOSDAQ,KR7144510005
월덱스,KOSDAQ,KR7101160000
케이씨,KOSPI,KR7029460003
BGF,KOSPI,KR7027410000
진에어,KOSPI,KR7272450008
바이오다인,KOSDAQ,KR7314930009
파인엠텍,KOSDAQ,KR7441270006
한국철강,KOSPI,KR7104700000
KB스타리츠,KOSPI,KR7432320000
링크솔루션,KOSDAQ,KR7474650009
테라뷰,KOSDAQ,KR8826050005
더본코리아,KOSPI,KR7475560009
티앤엘,KOSDAQ,KR7340570001
콜마비앤에이치,KOSDAQ GLOBAL,KR7200130003
강원에너지,KOSDAQ,KR7114190002
나라스페이스테크놀로지,KOSDAQ,KR7478340003
에이팩트,KOSDAQ,KR7200470003
코람코더원리츠,KOSPI,KR7417310000
피노,KOSDAQ,KR7033790007
영진약품,KOSPI,KR7003520004
수산인더스트리,KOSPI,KR7126720002
유진투자증권,KOSPI,KR7001200005
더핑크퐁컴퍼니,KOSDAQ,KR7403850001
TCC스틸,KOSPI,KR7002710002
에스비비테크,KOSDAQ,KR7389500000
나무가,KOSDAQ,KR7190510008
서울반도체,KOSDAQ GLOBAL,KR7046890000
현대퓨처넷,KOSPI,KR7126560002
HLB이노베이션,KOSDAQ,KR7024850000
에이스침대,KOSDAQ,KR7003800000
대상홀딩스,KOSPI,KR7084690007
케이프,KOSDAQ,KR7064820004
인탑스,KOSDAQ,KR7049070006
솔트룩스,KOSDAQ,KR7304100001
삼아알미늄,KOSPI,KR7006110001
SBS,KOSPI,KR7034120006
대덕,KOSPI,KR7008060006
애경산업,KOSPI,KR7018250001
디아이티,KOSDAQ,KR7110990009
골프존,KOSDAQ GLOBAL,KR7215000001
화신,KOSPI,KR7010690006
한섬,KOSPI,KR7020000006
일진홀딩스,KOSPI,KR7015860000
사조대림,KOSPI,KR7003960002
한스바이오메드,KOSDAQ,KR7042520007
펨트론,KOSDAQ,KR7168360006
SIMPAC,KOSPI,KR7009160003
큐리오시스,KOSDAQ,KR7494120009
국도화학,KOSPI,KR7007690001
제이에스코퍼레이션,KOSPI,KR7194370003
남해화학,KOSPI,KR7025860008
KG케미칼,KOSPI,KR7001390004
세아제강,KOSPI,KR7306200007
콜마홀딩스,KOSPI,KR7024720005
그린광학,KOSDAQ,KR70015G0009
티엠씨,KOSPI,KR7217590009
롯데이노베이트,KOSPI,KR7286940002
케이엔알시스템,KOSDAQ,KR7199430000
한국비엔씨,KOSDAQ,KR7256840000
신성이엔지,KOSPI,KR7011930005
SK증권,KOSPI,KR7001510007
PS일렉트로닉스,KOSDAQ,KR7332570001
미래나노텍,KOSDAQ,KR7095500005
DS단석,KOSPI,KR7017860008
KH바텍,KOSDAQ,KR7060720000
한솔아이원스,KOSDAQ,KR7114810005
하림,KOSDAQ,KR7136480001
셀바스AI,KOSDAQ,KR7108860008
에코앤드림,KOSDAQ,KR7101360006
에이직랜드,KOSDAQ,KR7445090004
석경에이티,KOSDAQ,KR7357550003
바이오니아,KOSDAQ,KR7064550007
에이비온,KOSDAQ,KR7203400007
대명에너지,KOSDAQ,KR7389260001
덕산테코피아,KOSDAQ,KR7317330009
계양전기,KOSPI,KR7012200002
휴온스,KOSDAQ,KR7243070000
이지홀딩스,KOSDAQ,KR7035810001
코오롱ENP,KOSPI,KR7138490008
DB,KOSPI,KR7012030003
에스엔시스,KOSDAQ,KR70008Z0005
넥센,KOSPI,KR7005720008
서울가스,KOSPI,KR7017390006
디앤디플랫폼리츠,KOSPI,KR7377190004
한국토지신탁,KOSPI,KR7034830000
진성티이씨,KOSDAQ,KR7036890002
유니셈,KOSDAQ,KR7036200004
대화제약,KOSDAQ,KR7067080002
바디텍메드,KOSDAQ,KR7206640005
광동제약,KOSPI,KR7009290008
아세아제지,KOSPI,KR7002310001
제이브이엠,KOSDAQ,KR7054950001
KPX홀딩스,KOSPI,KR7092230002
SGC에너지,KOSPI,KR7005090006
한진,KOSPI,KR7002320000
한국자산신탁,KOSPI,KR7123890006
남양유업,KOSPI,KR7003920006
대아티아이,KOSDAQ,KR7045390002
화승엔터프라이즈,KOSPI,KR7241590009
바이오플러스,KOSDAQ,KR7099430001
유나이티드제약,KOSPI,KR7033270000
삼화콘덴서,KOSPI,KR7001820000
이리츠코크렙,KOSPI,KR7088260005
에코아이,KOSDAQ,KR7448280008
셀비온,KOSDAQ,KR7308430008
오픈엣지테크놀로지,KOSDAQ,KR7394280002
대성산업,KOSPI,KR7128820008
에이유브랜즈,KOSDAQ,KR7481070001
매커스,KOSDAQ,KR7093520005
티엑스알로보틱스,KOSDAQ,KR7484810007
한라IMS,KOSDAQ,KR7092460005
에브리봇,KOSDAQ,KR7270660004
이지스밸류플러스리츠,KOSPI,KR7334890001
쿠콘,KOSDAQ,KR7294570007
현대코퍼레이션,KOSPI,KR7011760006
한국정보통신,KOSDAQ,KR7025770009
삼영무역,KOSPI,KR7002810000
보성파워텍,KOSDAQ,KR7006910004
일신방직,KOSPI,KR7003200003
뉴로핏,KOSDAQ,KR7380550004
바텍,KOSDAQ,KR7043150002
뷰노,KOSDAQ,KR7338220007
모토닉,KOSPI,KR7009680000
AP시스템,KOSDAQ,KR7265520007
대동,KOSPI,KR7000490003
신성에스티,KOSDAQ,KR7416180008
우림피티에스,KOSDAQ,KR7101170009
SJG세종,KOSPI,KR7033530007
범한퓨얼셀,KOSDAQ,KR7382900009
CJ프레시웨이,KOSDAQ,KR7051500007
삼목에스폼,KOSDAQ,KR7018310003
알멕,KOSDAQ,KR7354320004
글로벌텍스프리,KOSDAQ,KR7204620009
일성아이에스,KOSPI,KR7003120003
우주일렉트로,KOSDAQ,KR7065680001
대원전선,KOSPI,KR7006340004
엘브이엠씨홀딩스,KOSPI,KYG5307W1015
에스엠벡셀,KOSPI,KR7010580009
JTC,KOSDAQ,KR8392080006
싸이닉솔루션,KOSDAQ,KR7234030005
유진기업,KOSDAQ,KR7023410004
네오팜,KOSDAQ,KR7092730001
메디아나,KOSDAQ,KR7041920000
HLB테라퓨틱스,KOSDAQ,KR7115450009
LS증권,KOSDAQ,KR7078020005
지누스,KOSPI,KR7013890009
서호전기,KOSDAQ,KR7065710006
헬릭스미스,KOSDAQ,KR7084990001
엘앤케이바이오,KOSDAQ,KR7156100000
삼지전자,KOSDAQ,KR7037460003
노루홀딩스,KOSPI,KR7000320002
사조산업,KOSPI,KR7007160005
대원강업,KOSPI,KR7000430009
대신밸류리츠,KOSPI,KR70030R0007
삼성SDI우,KOSPI,KR7006401004
KG이니시스,KOSDAQ,KR7035600006
삼양엔씨켐,KOSDAQ,KR7482630001
비츠로테크,KOSDAQ,KR7042370007
해성산업,KOSDAQ,KR7034810002
슈프리마,KOSDAQ,KR7236200002
피에스텍,KOSDAQ,KR7002230001
더즌,KOSDAQ,KR7462860008
넥스틸,KOSPI,KR7092790005
코난테크놀로지,KOSDAQ,KR7402030001
세방,KOSPI,KR7004360004
BYC,KOSPI,KR7001460005
덕산하이메탈,KOSDAQ,KR7077360006
풍원정밀,KOSDAQ,KR7371950007
JW홀딩스,KOSPI,KR7096760004
LS네트웍스,KOSPI,KR7000680009
뉴파워프라즈마,KOSDAQ,KR7144960002
에스투더블유,KOSDAQ,KR7488280009
엔케이맥스,KOSDAQ,KR7182400002
노머스,KOSDAQ,KR7473980001
노바렉스,KOSDAQ,KR7194700001
켄코아에어로스페이스,KOSDAQ,KR7274090000
대원산업,KOSDAQ,KR7005710009
GRT,KOSDAQ,HK0000307485
제테마,KOSDAQ,KR7216080002
매일유업,KOSDAQ,KR7267980001
BGF에코머티리얼즈,KOSDAQ,KR7126600006
플리토,KOSDAQ,KR7300080009
유니슨,KOSDAQ,KR7018000000
원익,KOSDAQ,KR7032940009
필에너지,KOSDAQ,KR7378340004
LX하우시스,KOSPI,KR7108670001
아이패밀리에스씨,KOSDAQ,KR7114840002
백산,KOSPI,KR7035150002
KG에코솔루션,KOSDAQ,KR7151860004
동원개발,KOSDAQ,KR7013120001
듀켐바이오,KOSDAQ,KR7176750008
비덴트,KOSDAQ,KR7121800007
알에스오토메이션,KOSDAQ,KR7140670001
사피엔반도체,KOSDAQ,KR7452430002
도우인시스,KOSDAQ,KR7484120001
한국정보인증,KOSDAQ,KR7053300000
아이마켓코리아,KOSPI,KR7122900004
대원제약,KOSPI,KR7003220001
대양전기공업,KOSDAQ,KR7108380007
삼진제약,KOSPI,KR7005500004
CMG제약,KOSDAQ,KR7058820002
위니아에이드,KOSDAQ,KR7377460001
무학,KOSPI,KR7033920000
피에이치에이,KOSDAQ,KR7043370006
TYM,KOSPI,KR7002900009
서연,KOSPI,KR7007860000
유니테스트,KOSDAQ,KR7086390002
대한제당,KOSPI,KR7001790005
넵튠,KOSDAQ,KR7217270008
일양약품,KOSPI,KR7007570005
세나테크놀로지,KOSDAQ,KR7061090007
삼성물산우B,KOSPI,KR702826K016
한국캐피탈,KOSDAQ,KR7023760002
에이블씨엔씨,KOSPI,KR7078520004
대한제강,KOSPI,KR7084010008
잇츠한불,KOSPI,KR7226320000
광주신세계,KOSPI,KR7037710001
인터플렉스,KOSDAQ,KR7051370005
한농화성,KOSPI,KR7011500006
모트렉스,KOSDAQ,KR7118990001
에이플러스에셋,KOSPI,KR7244920005
지놈앤컴퍼니,KOSDAQ,KR7314130006
상아프론테크,KOSDAQ,KR7089980007
케이티알파,KOSDAQ,KR7036030005
대한제분,KOSPI,KR7001130004
SG,KOSDAQ,KR7255220006
액트로,KOSDAQ,KR7290740000
메카로,KOSDAQ,KR7241770007
노바텍,KOSDAQ,KR7285490009
미래에셋증권우,KOSPI,KR7006801005
중앙첨단소재,KOSDAQ,KR7051980001
토비스,KOSDAQ,KR7051360006
하이비젼시스템,KOSDAQ,KR7126700004
PKC,KOSPI,KR7001340009
아스트,KOSDAQ,KR7067390005
한양증권,KOSPI,KR7001750009
프레스티지바이오로직스,KOSDAQ,KR7334970001
LG생활건강우,KOSPI,KR7051901007
SK디앤디,KOSPI,KR7210980009
서흥,KOSPI,KR7008490005
클리오,KOSDAQ,KR7237880000
포스코스틸리온,KOSPI,KR7058430000
나이스정보통신,KOSDAQ,KR7036800001
피아이이,KOSDAQ,KR7452450000
윤성에프앤씨,KOSDAQ,KR7372170001
성신양회,KOSPI,KR7004980009
제이오,KOSDAQ,KR7418550000
LB세미콘,KOSDAQ,KR7061970000
미래반도체,KOSDAQ,KR7254490006
신세계 I&C,KOSPI,KR7035510007
엘티씨,KOSDAQ,KR7170920003
마녀공장,KOSDAQ,KR7439090002
코리아에프티,KOSDAQ,KR7123410003
디오,KOSDAQ,KR7039840004
스카이라이프,KOSPI,KR7053210001
코오롱글로벌,KOSPI,KR7003070000
자람테크놀로지,KOSDAQ,KR7389020009
오가노이드사이언스,KOSDAQ,KR7476040001
선진,KOSPI,KR7136490000
동아지질,KOSPI,KR7028100006
동양이엔피,KOSDAQ,KR7079960001
오로스테크놀로지,KOSDAQ,KR7322310004
종근당홀딩스,KOSPI,KR7001630003
텔레칩스,KOSDAQ,KR7054450002
동국홀딩스,KOSPI,KR7001230002
압타바이오,KOSDAQ,KR7293780003
경방,KOSPI,KR7000050005
이월드,KOSPI,KR7084680008
흥국화재,KOSPI,KR7000540005
KZ정밀,KOSDAQ,KR7036560001
엠아이텍,KOSDAQ,KR7179290002
하이트진로홀딩스,KOSPI,KR7000140004
하나기술,KOSDAQ,KR7299030007
신한서부티엔디리츠,KOSPI,KR7404990004
CR홀딩스,KOSPI,KR7000480004
이수앱지스,KOSDAQ,KR7086890001
휴스틸,KOSPI,KR7005010004
엘오티베큠,KOSDAQ,KR7083310003
오킨스전자,KOSDAQ,KR7080580004
방림,KOSPI,KR7003610003
AP위성,KOSDAQ,KR7211270004
에이프로젠,KOSPI,KR7007460009
제일약품,KOSPI,KR7271980005
이랜텍,KOSDAQ,KR7054210000
더블유씨피,KOSDAQ GLOBAL,KR7393890009
우진엔텍,KOSDAQ,KR7457550002
엔비알모션,KOSDAQ,KR70004V0003
메드팩토,KOSDAQ,KR7235980000
폴라리스오피스,KOSDAQ,KR7041020009
리파인,KOSDAQ,KR7377450002
이랜시스,KOSDAQ,KR7264850009
한국알콜,KOSDAQ,KR7017890005
HS효성,KOSPI,KR7487570004
한국화장품제조,KOSPI,KR7003350006
제일일렉트릭,KOSDAQ,KR7199820002
디지털대성,KOSDAQ,KR7068930007
대성에너지,KOSPI,KR7117580001
이노테크,KOSDAQ,KR7469610000
컨텍,KOSDAQ,KR7451760003
교촌에프앤비,KOSPI,KR7339770000
미원화학,KOSPI,KR7134380005
이수화학,KOSPI,KR7005950001
다올투자증권,KOSPI,KR7030210009
헥토파이낸셜,KOSDAQ,KR7234340008
엑시콘,KOSDAQ,KR7092870005
어보브반도체,KOSDAQ,KR7102120003
루미르,KOSDAQ,KR7474170008
이스트소프트,KOSDAQ,KR7047560008
송원산업,KOSPI,KR7004430005
잉글우드랩,KOSDAQ,KR8840110108
에이스테크,KOSDAQ,KR7088800008
아이씨티케이,KOSDAQ,KR7456010008
한국공항,KOSPI,KR7005430004
미창석유,KOSPI,KR7003650009
일진파워,KOSDAQ,KR7094820008
나노엔텍,KOSDAQ,KR7039860002
CJ우,KOSPI,KR7001041003
제노코,KOSDAQ,KR7361390008
와이씨켐,KOSDAQ,KR7112290002
LG우,KOSPI,KR7003551009
HDC랩스,KOSPI,KR7039570007
박셀바이오,KOSDAQ,KR7323990002
경인양행,KOSPI,KR7012610002
강남제비스코,KOSPI,KR7000860007
아이티엠반도체,KOSDAQ GLOBAL,KR7084850007
싸이토젠,KOSDAQ,KR7217330000
킵스파마,KOSDAQ,KR7256940008
금호석유화학우,KOSPI,KR7011781002
동성케미컬,KOSPI,KR7102260007
강스템바이오텍,KOSDAQ,KR7217730001
AJ네트웍스,KOSPI,KR7095570008
삼익THK,KOSPI,KR7004380002
엑스게이트,KOSDAQ,KR7356680009
DSC인베스트먼트,KOSDAQ,KR7241520006
에어부산,KOSPI,KR7298690009
도화엔지니어링,KOSPI,KR7002150001
인포바인,KOSDAQ,KR7115310005
KPX케미칼,KOSPI,KR7025000001
삼영전자,KOSPI,KR7005680004
비보존 제약,KOSDAQ,KR7082800004
알루코,KOSPI,KR7001780006
삼일제약,KOSPI,KR7000520007
아크릴,KOSDAQ,KR70007C0003
대신증권2우B,KOSPI,KR7003542008
소룩스,KOSDAQ,KR7290690007
차AI헬스케어,KOSPI,KR7025620006
KSS해운,KOSPI,KR7044450005
S-Oil우,KOSPI,KR7010951002
시너지이노베이션,KOSDAQ,KR7048870000
흥구석유,KOSDAQ,KR7024060006
RF머트리얼즈,KOSDAQ,KR7327260006
토니모리,KOSPI,KR7214420002
큐브엔터,KOSDAQ,KR7182360008
헥토이노베이션,KOSDAQ,KR7214180002
아나패스,KOSDAQ,KR7123860009
네오위즈홀딩스,KOSDAQ,KR7042420000
인선이엔티,KOSDAQ,KR7060150000
삼보모터스,KOSDAQ,KR7053700001
제넥신,KOSDAQ,KR7095700001
한미글로벌,KOSPI,KR7053690004
유비케어,KOSDAQ,KR7032620007
삼영엠텍,KOSDAQ,KR7054540000
동양,KOSPI,KR7001520006
모두투어,KOSDAQ,KR7080160005
에스앤디,KOSDAQ,KR7260970009
네패스아크,KOSDAQ,KR7330860008
삼화전기,KOSPI,KR7009470006
이지바이오,KOSDAQ,KR7353810005
JW생명과학,KOSPI,KR7234080000
와이엠티,KOSDAQ,KR7251370003
코윈테크,KOSDAQ,KR7282880004
환인제약,KOSPI,KR7016580003
이연제약,KOSPI,KR7102460003
바이오솔루션,KOSDAQ,KR7086820008
신흥에스이씨,KOSDAQ,KR7243840006
해태제과식품,KOSPI,KR7101530004
디에스케이,KOSDAQ,KR7109740001
아이스크림미디어,KOSDAQ,KR7461300006
디엔에프,KOSDAQ,KR7092070002
골프존홀딩스,KOSDAQ,KR7121440002
퍼스텍,KOSPI,KR7010820009
아이디스,KOSDAQ,KR7143160000
이구산업,KOSPI,KR7025820002
엠케이전자,KOSDAQ,KR7033160003
GS글로벌,KOSPI,KR7001250000
레드캡투어,KOSDAQ,KR7038390001
한솔제지,KOSPI,KR7213500002
큐알티,KOSDAQ,KR7405100009
라온테크,KOSDAQ,KR7232680009
퀄리타스반도체,KOSDAQ,KR7432720001
KCTC,KOSPI,KR7009070004
일승,KOSDAQ,KR7333430007
삼양패키징,KOSPI,KR7272550005
삼영,KOSPI,KR7003720000
와이지-원,KOSDAQ,KR7019210004
현대사료,KOSDAQ,KR7016790008
DXVX,KOSDAQ,KR7180400004
만호제강,KOSPI,KR7001080001
LS티라유텍,KOSDAQ,KR7322180001
웅진,KOSPI,KR7016880007
금화피에스시,KOSDAQ,KR7036190007
마이크로디지탈,KOSDAQ,KR7305090003
이크레더블,KOSDAQ,KR7092130004
NH올원리츠,KOSPI,KR7400760005
파워로직스,KOSDAQ,KR7047310008
엘케이켐,KOSDAQ,KR7489500009
아바코,KOSDAQ,KR7083930008
인터로조,KOSDAQ,KR7119610004
하나제약,KOSPI,KR7293480000
CJ제일제당 우,KOSPI,KR7097951008
신세계푸드,KOSPI,KR7031440001
계룡건설,KOSPI,KR7013580006
삼화페인트,KOSPI,KR7000390005
뷰웍스,KOSDAQ,KR7100120005
유비쿼스홀딩스,KOSDAQ,KR7078070000
화승인더,KOSPI,KR7006060008
한솔테크닉스,KOSPI,KR7004710000
바이젠셀,KOSDAQ,KR7308080001
로보로보,KOSDAQ,KR7215100009
대창단조,KOSPI,KR7015230006
멀티캠퍼스,KOSDAQ,KR7067280008
레몬,KOSDAQ,KR7294140009
현대비앤지스틸,KOSPI,KR7004560009
한국석유,KOSPI,KR7004090007
페스카로,KOSDAQ,KR70015S0005
HB테크놀러지,KOSDAQ,KR7078150000
삼미금속,KOSDAQ,KR7012210001
이엔셀,KOSDAQ,KR7456070002
원익피앤이,KOSDAQ,KR7217820000
큐라클,KOSDAQ,KR7365270008
삼익제약,KOSDAQ,KR7014950000
제닉스로보틱스,KOSDAQ,KR7381620004
KBI동양철관,KOSPI,KR7008970006
이노와이어리스,KOSDAQ,KR7073490005
모베이스,KOSDAQ,KR7101330009
켐트로스,KOSDAQ,KR7220260004
한선엔지니어링,KOSDAQ,KR7452280001
엔알비,KOSDAQ,KR7475230009
티움바이오,KOSDAQ,KR7321550006
경농,KOSPI,KR7002100006
LG헬로비전,KOSPI,KR7037560000
모델솔루션,KOSDAQ,KR7417970001
티앤알바이오팹,KOSDAQ,KR7246710008
경동제약,KOSDAQ,KR7011040003
티이엠씨,KOSDAQ,KR7425040003
DH오토넥스,KOSPI,KR7000300004
탑런토탈솔루션,KOSDAQ,KR7336680004
마크로젠,KOSDAQ,KR7038290003
YTN,KOSDAQ,KR7040300006
케이에스피,KOSDAQ,KR7073010001
롯데하이마트,KOSPI,KR7071840003
금강공업,KOSPI,KR7014280002
오이솔루션,KOSDAQ,KR7138080007
인텍플러스,KOSDAQ,KR7064290000
KG모빌리언스,KOSDAQ,KR7046440004
톱텍,KOSDAQ,KR7108230004
우양에이치씨,KOSDAQ,KR7101970002
SK시그넷,KONEX,KR7260870001
동화약품,KOSPI,KR7000020008
비씨엔씨,KOSDAQ,KR7146320007
케이엔제이,KOSDAQ,KR7272110008
상신이디피,KOSDAQ,KR7091580001
동양고속,KOSPI,KR7084670009
아우토크립트,KOSDAQ,KR7331740001
신원,KOSPI,KR7009270000
진양홀딩스,KOSPI,KR7100250000
녹십자웰빙,KOSDAQ,KR7234690006
엠디바이스,KOSDAQ,KR7226590008
대한약품,KOSDAQ,KR7023910003
삼양통상,KOSPI,KR7002170009
타이거일렉,KOSDAQ,KR7219130002
지니언스,KOSDAQ,KR7263860009
일진다이아,KOSPI,KR7081000002
한세예스24홀딩스,KOSPI,KR7016450009
세경하이테크,KOSDAQ,KR7148150006
싸이맥스,KOSDAQ,KR7160980009
에치에프알,KOSDAQ,KR7230240004
노브메타파마,KONEX,KR7229500004
코텍,KOSDAQ,KR7052330008
옵티코어,KOSDAQ,KR7380540005
좋은사람들,KOSDAQ,KR7033340001
한국화장품,KOSPI,KR7123690000
폰드그룹,KOSDAQ,KR7472850007
나인테크,KOSDAQ,KR7267320000
모다이노칩,KOSDAQ,KR7080420003
에스와이스틸텍,KOSDAQ,KR7365330000
노루페인트,KOSPI,KR7090350000
조선내화,KOSPI,KR7462520008
남선알미늄,KOSPI,KR7008350001
와이솔,KOSDAQ,KR7122990005
조일알미늄,KOSPI,KR7018470005
금호건설,KOSPI,KR7002990000
성우,KOSDAQ,KR7458650009
탑머티리얼,KOSDAQ,KR7360070007
버킷스튜디오,KOSDAQ,KR7066410002
셀바스헬스케어,KOSDAQ,KR7208370007
코다코,KOSDAQ,KR7046070009
국전약품,KOSDAQ,KR7307750000
오상헬스케어,KOSDAQ,KR7036220002
국보디자인,KOSDAQ,KR7066620006
한국무브넥스,KOSPI,KR7010100006
씨에스베어링,KOSDAQ,KR7297090003
대동전자,KOSPI,KR7008110009
애니플러스,KOSDAQ,KR7310200001
자이에스앤디,KOSPI,KR7317400000
아이텍,KOSDAQ,KR7119830008
케이엔솔,KOSDAQ,KR7053080008
바이오비쥬,KOSDAQ,KR7489460006
젝시믹스,KOSDAQ,KR7337930002
베뉴지,KOSDAQ,KR7019010008
쇼박스,KOSDAQ,KR7086980000
유수홀딩스,KOSPI,KR7000700005
씨앤지하이테크,KOSDAQ,KR7264660002
사조씨푸드,KOSPI,KR7014710008
엔솔바이오사이언스,KONEX,KR7140610007
오로라,KOSDAQ,KR7039830005
대동기어,KOSDAQ,KR7008830002
새빗켐,KOSDAQ,KR7107600009
아진엑스텍,KOSDAQ,KR7059120006
유화증권,KOSPI,KR7003460003
지투파워,KOSDAQ,KR7388050007
모나용평,KOSPI,KR7070960000
HB솔루션,KOSDAQ,KR7297890006
미원홀딩스,KOSPI,KR7107590002
제이엘케이,KOSDAQ,KR7322510009
KX,KOSDAQ,KR7122450000
동국씨엠,KOSPI,KR7460850001
조이시티,KOSDAQ,KR7067000000
씨피시스템,KOSDAQ,KR7413630005
동신건설,KOSDAQ,KR7025950007
더블유에스아이,KOSDAQ,KR7299170001
세아특수강,KOSPI,KR7019440007
한국주철관,KOSPI,KR7000970004
사조동아원,KOSPI,KR7008040008
에스텍,KOSDAQ,KR7069510006
네오티스,KOSDAQ,KR7085910008
새로닉스,KOSDAQ,KR7042600007
진원생명과학,KOSPI,KR7011000007
지씨지놈,KOSDAQ,KR7340450006
동방메디컬,KOSDAQ,KR7240550004
아모레퍼시픽홀딩스3우C,KOSPI,KR700279K010
푸른저축은행,KOSDAQ,KR7007330004
아미노로직스,KOSDAQ,KR7074430000
디앤씨미디어,KOSDAQ,KR7263720005
퓨릿,KOSDAQ,KR7445180003
한국제지,KOSPI,KR7027970003
사람인,KOSDAQ,KR7143240000
드림시큐리티,KOSDAQ,KR7203650007
무림P&P,KOSPI,KR7009580002
엠에스오토텍,KOSDAQ,KR7123040008
에스피시스템스,KOSDAQ,KR7317830008
대한화섬,KOSPI,KR7003830007
아톤,KOSDAQ,KR7158430009
와이투솔루션,KOSPI,KR7011690005
한독,KOSPI,KR7002390003
드림씨아이에스,KOSDAQ,KR7223250002
태림포장,KOSPI,KR7011280005
피앤에스로보틱스,KOSDAQ,KR7460940000
에이치엔에스하이텍,KOSDAQ,KR7044990000
디와이파워,KOSPI,KR7210540001
파세코,KOSDAQ,KR7037070000
나우IB,KOSDAQ,KR7293580007
대교,KOSPI,KR7019680008
효성화학,KOSPI,KR7298000001
쿼드메디슨,KOSDAQ,KR7464490002
일동홀딩스,KOSPI,KR7000230003
삼보판지,KOSDAQ,KR7023600000
블루엠텍,KOSDAQ,KR7439580002
원일티엔아이,KOSDAQ,KR7136150000
유니트론텍,KOSDAQ,KR7142210004
세보엠이씨,KOSDAQ,KR7011560000
그래디언트,KOSDAQ,KR7035080001
텔코웨어,KOSPI,KR7078000007
삼성제약,KOSPI,KR7001360007
동구바이오제약,KOSDAQ,KR7006620009
신라교역,KOSPI,KR7004970000
현대에버다임,KOSDAQ,KR7041440009
효성ITX,KOSPI,KR7094280005
이지스레지던스리츠,KOSPI,KR7350520003
그린리소스,KOSDAQ,KR7402490007
디알텍,KOSDAQ,KR7214680001
엑세스바이오,KOSDAQ,KR8840090003
티케이케미칼,KOSDAQ,KR7104480009
티에이치엔,KOSPI,KR7019180009
인피니트헬스케어,KOSDAQ,KR7071200000
라온텍,KOSDAQ,KR7418420006
DMS,KOSDAQ,KR7068790005
매일홀딩스,KOSDAQ,KR7005990007
피제이전자,KOSDAQ,KR7006140008
고려신용정보,KOSDAQ,KR7049720006
파마리서치바이오,KONEX,KR7217950005
아가방컴퍼니,KOSDAQ,KR7013990007
마이크로컨텍솔,KOSDAQ,KR7098120009
디와이피엔에프,KOSDAQ,KR7104460001
HDC현대EP,KOSPI,KR7089470009
세명전기,KOSDAQ,KR7017510009
티씨머티리얼즈,KOSDAQ,KR7125020008
스마트레이더시스템,KOSDAQ,KR7424960003
시지메드텍,KOSDAQ,KR7056090004
KT나스미디어,KOSDAQ,KR7089600001
코아시아,KOSDAQ,KR7045970001
마음AI,KOSDAQ,KR7377480009
현대ADM,KOSDAQ,KR7187660006
광무,KOSDAQ,KR7029480001
쎄크,KOSDAQ,KR7081180002
그린케미칼,KOSPI,KR7083420000
야스,KOSDAQ,KR7255440000
디케이티,KOSDAQ,KR7290550003
NICE인프라,KOSDAQ,KR7063570006
한진중공업홀딩스,KOSPI,KR7003480001
한국파마,KOSDAQ,KR7032300006
대주산업,KOSDAQ,KR7003310000
파로스아이바이오,KOSDAQ,KR7388870008
슈피겐코리아,KOSDAQ,KR7192440006
샘표,KOSPI,KR7007540008
에이럭스,KOSDAQ,KR7475580007
엑셈,KOSDAQ,KR7205100001
동국산업,KOSDAQ,KR7005160007
미래컴퍼니,KOSDAQ,KR7049950009
유비쿼스,KOSDAQ,KR7264450008
경보제약,KOSPI,KR7214390007
KEC,KOSPI,KR7092220003
이엠코리아,KOSDAQ,KR7095190005
에코플라스틱,KOSDAQ,KR7038110003
와이즈넛,KOSDAQ,KR7096250006
우수AMS,KOSDAQ,KR7066590001
HS애드,KOSPI,KR7035000009
모비스,KOSDAQ,KR7250060001
유니퀘스트,KOSPI,KR7077500007
나노팀,KOSDAQ,KR7417010006
태경산업,KOSPI,KR7015890007
오성첨단소재,KOSDAQ,KR7052420007
MDS테크,KOSDAQ,KR7086960002
샘표식품,KOSPI,KR7248170003
에스와이,KOSDAQ,KR7109610006
윈스테크넷,KOSDAQ,KR7136540002
웅진씽크빅,KOSPI,KR7095720009
뉴엔AI,KOSDAQ,KR7463020008
대성홀딩스,KOSPI,KR7016710006
엠플러스,KOSDAQ,KR7259630002
NPC,KOSPI,KR7004250007
디와이,KOSPI,KR7013570007
메쎄이상,KOSDAQ,KR7408920007
아이엠비디엑스,KOSDAQ,KR7461030009
현대리바트,KOSPI,KR7079430005
신영와코루,KOSPI,KR7005800008
시스웍,KOSDAQ,KR7269620001
디씨엠,KOSPI,KR7024090003
제닉,KOSDAQ,KR7123330003
지에프아이,KOSDAQ,KR7493330005
해성에어로보틱스,KOSDAQ,KR7059270009
오스테오닉,KOSDAQ,KR7226400000
심텍홀딩스,KOSDAQ,KR7036710002
메타바이오메드,KOSDAQ,KR7059210005
신흥,KOSPI,KR7004080008
바이오에프디엔씨,KOSDAQ,KR7251120002
아진산업,KOSDAQ,KR7013310008
제룡산업,KOSDAQ,KR7147830004
협진,KOSDAQ,KR7138360003
웹케시,KOSDAQ,KR7053580007
콘텐트리중앙,KOSPI,KR7036420008
크레버스,KOSDAQ,KR7096240007
에스피소프트,KOSDAQ,KR7443670005
뉴프렉스,KOSDAQ,KR7085670008
인바이오젠,KOSPI,KR7101140002
와이엔텍,KOSDAQ,KR7067900001
넥써쓰,KOSDAQ,KR7205500002
에이티넘인베스트,KOSDAQ,KR7021080007
퓨런티어,KOSDAQ,KR7370090003
서울옥션,KOSDAQ,KR7063170005
코칩,KOSDAQ,KR7126730001
엠에스씨,KOSDAQ,KR7009780008
메가스터디,KOSDAQ,KR7072870009
다산네트웍스,KOSDAQ,KR7039560008
티와이홀딩스,KOSPI,KR7363280009
네오오토,KOSDAQ,KR7212560007
양지사,KOSDAQ,KR7030960009
경동인베스트,KOSPI,KR7012320008
휴마시스,KOSDAQ,KR7205470008
이지케어텍,KOSDAQ,KR7099750002
옵투스제약,KOSDAQ,KR7131030009
공구우먼,KOSDAQ,KR7366030005
아모텍,KOSDAQ,KR7052710001
제일파마홀딩스,KOSPI,KR7002620003
이엠티,KONEX,KR7232530006
인팩,KOSPI,KR7023810005
농우바이오,KOSDAQ,KR7054050000
로체시스템즈,KOSDAQ,KR7071280002
현대바이오랜드,KOSDAQ,KR7052260007
선광,KOSDAQ,KR7003100005
웨이비스,KOSDAQ,KR7289930000
대호에이엘,KOSPI,KR7069460004
HLB바이오스텝,KOSDAQ,KR7278650007
폴라리스AI,KOSDAQ,KR7039980008
알서포트,KOSDAQ,KR7131370009
팜스토리,KOSDAQ,KR7027710003
동부건설,KOSPI,KR7005960000
포바이포,KOSDAQ,KR7389140005
한솔홀딩스,KOSPI,KR7004150009
SM C&C,KOSDAQ,KR7048550008
한국수출포장,KOSPI,KR7002200004
쎌바이오텍,KOSDAQ,KR7049960008
아시아나IDT,KOSPI,KR7267850006
조선선재,KOSPI,KR7120030002
레뷰코퍼레이션,KOSDAQ,KR7443250006
케이알엠,KOSDAQ,KR7093640001
본시스템즈,KONEX,KR7496320003
SK우,KOSPI,KR703473K016
네오이뮨텍,KOSDAQ,KR8840140006
그리드위즈,KOSDAQ,KR7453450009
DKME,KOSPI,KR7015590003
도이치모터스,KOSDAQ,KR7067990002
대창,KOSPI,KR7012800009
경동도시가스,KOSPI,KR7267290005
이엠텍,KOSDAQ,KR7091120006
태경비케이,KOSPI,KR7014580005
아바텍,KOSDAQ,KR7149950008
일신석재,KOSPI,KR7007110000
비엠티,KOSDAQ,KR7086670007
한국경제TV,KOSDAQ,KR7039340005
LB인베스트먼트,KOSDAQ,KR7309960003
HS화성,KOSPI,KR7002460004
금양그린파워,KOSDAQ,KR7282720002
세원정공,KOSPI,KR7021820006
모티브링크,KOSDAQ,KR7463480004
코메론,KOSDAQ,KR7049430002
코스맥스비티아이,KOSPI,KR7044820009
아스타,KOSDAQ,KR7246720007
한일철강,KOSPI,KR7002220002
랩지노믹스,KOSDAQ,KR7084650001
한컴위드,KOSDAQ,KR7054920004
대봉엘에스,KOSDAQ,KR7078140001
HLB글로벌,KOSPI,KR7003580008
지어소프트,KOSDAQ,KR7051160000
키다리스튜디오,KOSPI,KR7020120002
아주스틸,KOSPI,KR7139990006
KCC건설,KOSDAQ,KR7021320007
엠투아이,KOSDAQ,KR7347890006
아이디스홀딩스,KOSDAQ,KR7054800008
하이텍팜,KOSDAQ,KR7106190002
로젠,KOSDAQ,KR7033290008
한일사료,KOSDAQ,KR7005860002
현대이지웰,KOSDAQ,KR7090850009
동방,KOSPI,KR7004140000
아로마티카,KOSDAQ,KR70015N0000
세이브존I&C,KOSPI,KR7067830000
동남합성,KOSPI,KR7023450000
화승코퍼레이션,KOSPI,KR7013520002
극동유화,KOSPI,KR7014530000
아이엘,KOSDAQ,KR7307180000
청담글로벌,KOSDAQ,KR7362320004
티쓰리,KOSDAQ,KR7204610000
와이제이링크,KOSDAQ,KR7209640002
가온그룹,KOSDAQ,KR7078890001
플래스크,KOSDAQ,KR7041590001
KTcs,KOSPI,KR7058850009
초록뱀미디어,KOSDAQ,KR7047820006
서울바이오시스,KOSDAQ,KR7092190008
유한양행우,KOSPI,KR7000101006
에이테크솔루션,KOSDAQ,KR7071670004
라파스,KOSDAQ,KR7214260002
인지컨트롤스,KOSPI,KR7023800006
진로발효,KOSDAQ,KR7018120006
SBI인베스트먼트,KOSDAQ,KR7019550003
빅솔론,KOSDAQ,KR7093190007
컴투스홀딩스,KOSDAQ,KR7063080006
두올,KOSPI,KR7016740003
에프엔에스테크,KOSDAQ,KR7083500009
더네이쳐홀딩스,KOSDAQ,KR7298540006
테고사이언스,KOSDAQ,KR7191420009
우신시스템,KOSPI,KR7017370008
선진뷰티사이언스,KOSDAQ,KR7086710001
바이오스마트,KOSDAQ,KR7038460002
휴먼테크놀로지,KOSDAQ,KR7175140003
코데즈컴바인,KOSDAQ,KR7047770003
금호에이치티,KOSPI,KR7214330003
풍국주정,KOSDAQ,KR7023900004
오르비텍,KOSDAQ,KR7046120002
원준,KOSDAQ,KR7382840007
SV인베스트먼트,KOSDAQ,KR7289080004
미투온,KOSDAQ,KR7201490000
워트,KOSDAQ,KR7396470007
삼성공조,KOSPI,KR7006660005
케이피에프,KOSDAQ,KR7024880007
인천도시가스,KOSPI,KR7034590000
CJ 바이오사이언스,KOSDAQ,KR7311690002
네온테크,KOSDAQ,KR7306620006
벽산,KOSPI,KR7007210008
휴니드,KOSPI,KR7005870001
코아스템켐온,KOSDAQ,KR7166480004
한신공영,KOSPI,KR7004960001
고바이오랩,KOSDAQ,KR7348150004
브이원텍,KOSDAQ,KR7251630000
넥스트칩,KOSDAQ,KR7396270001
JW신약,KOSDAQ,KR7067290007
일성건설,KOSPI,KR7013360003
KT밀리의서재,KOSDAQ,KR7418470001
케이씨에스,KOSDAQ,KR7115500001
엔지켐생명과학,KOSDAQ,KR7183490002
지니너스,KOSDAQ,KR7389030008
특수건설,KOSDAQ,KR7026150003
페이퍼코리아,KOSPI,KR7001020007
대영포장,KOSPI,KR7014160006
STX,KOSPI,KR7011810009
빅텍,KOSDAQ,KR7065450009
유니켐,KOSPI,KR7011330008
드림어스컴퍼니,KOSDAQ,KR7060570009
동국S&C,KOSDAQ,KR7100130004
동국생명과학,KOSDAQ,KR7303810006
엠게임,KOSDAQ,KR7058630005
파라택시스코리아,KOSDAQ,KR7288330004
현대코퍼레이션홀딩스,KOSPI,KR7227840006
KT지니뮤직,KOSDAQ,KR7043610005
유아이엘,KOSDAQ,KR7049520000
위더스제약,KOSDAQ,KR7330350000
크라운제과,KOSPI,KR7264900002
온코크로스,KOSDAQ,KR7382150001
비트플래닛,KOSDAQ,KR7049470008
아남전자,KOSPI,KR7008700007
테라젠이텍스,KOSDAQ,KR7066700006
종근당바이오,KOSPI,KR7063160006
위지윅스튜디오,KOSDAQ,KR7299900001
에이엘티,KOSDAQ,KR7172670002
엣지파운드리,KOSDAQ,KR7105550008
동아화성,KOSDAQ,KR7041930009
컴퍼니케이,KOSDAQ,KR7307930008
팅크웨어,KOSDAQ,KR7084730001
티에스아이,KOSDAQ,KR7277880001
삼익악기,KOSPI,KR7002450005
씨티씨바이오,KOSDAQ,KR7060590007
삼륭물산,KOSDAQ,KR7014970008
광전자,KOSPI,KR7017900002
에스제이그룹,KOSDAQ,KR7306040007
코닉오토메이션,KOSDAQ,KR7391710001
상상인,KOSDAQ,KR7038540001
수산세보틱스,KOSPI,KR7017550005
AK홀딩스,KOSPI,KR7006840003
삼성출판사,KOSPI,KR7068290006
코츠테크놀로지,KOSDAQ,KR7448710004
안국약품,KOSDAQ,KR7001540004
고스트스튜디오,KOSDAQ,KR8344390008
미스터블루,KOSDAQ,KR7207760000
포니링크,KOSDAQ,KR7064800006
아셈스,KOSDAQ,KR7136410008
케이엔에스,KOSDAQ,KR7432470003
DYP,KOSPI,KR7092780006
아이엠지티,KONEX,KR7456570001
한빛레이저,KOSDAQ,KR7452190002
한신기계,KOSPI,KR7011700002
러셀,KOSDAQ,KR7217500008
우리손에프앤지,KOSDAQ,KR7073560005
HL D&I,KOSPI,KR7014790000
디케이락,KOSDAQ,KR7105740005
미래에셋글로벌리츠,KOSPI,KR7396690000
나노,KOSDAQ,KR7187790001
디이엔티,KOSDAQ,KR7079810008
삼진식품,KOSDAQ,KR70013V0002
센서뷰,KOSDAQ,KR7321370009
제이아이테크,KOSDAQ,KR7417500006
샌즈랩,KOSDAQ,KR7411080005
라온시큐어,KOSDAQ,KR7042510008
인트론바이오,KOSDAQ,KR7048530000
이니텍,KOSDAQ,KR7053350005
에프앤가이드,KOSDAQ,KR7064850001
덱스터,KOSDAQ,KR7206560005
세운메디칼,KOSDAQ,KR7100700004
디바이스,KOSDAQ,KR7187870001
진흥기업,KOSPI,KR7002780005
KC코트렐,KOSPI,KR7119650000
노을,KOSDAQ,KR7376930004
대성파인텍,KOSDAQ,KR7104040001
CJ씨푸드,KOSPI,KR7011150000
엔젯,KOSDAQ,KR7419080007
크레오에스지,KOSDAQ,KR7040350001
삼기에너지솔루션즈,KOSDAQ,KR7419050000
셀루메드,KOSDAQ,KR7049180003
현대공업,KOSDAQ,KR7170030001
HC보광산업,KOSDAQ,KR7225530005
엔브이에이치코리아,KOSDAQ,KR7067570002
에이치피오,KOSDAQ,KR7357230002
이지스,KOSDAQ,KR7261520001
하이드로리튬,KOSDAQ,KR7101670008
아비코전자,KOSDAQ,KR7036010007
코스텍시스,KOSDAQ,KR7355150004
중앙에너비스,KOSDAQ,KR7000440008
황금에스티,KOSPI,KR7032560005
삼아제약,KOSDAQ,KR7009300005
화천기계,KOSPI,KR7010660009
CG인바이츠,KOSDAQ,KR7083790006
솔본,KOSDAQ,KR7035610005
에이프로젠바이오로직스,KOSPI,KR7003060001
아모그린텍,KOSDAQ,KR7125210005
수젠텍,KOSDAQ,KR7253840003
태웅로직스,KOSDAQ,KR7124560004
DRB동일,KOSPI,KR7004840005
성도이엔지,KOSDAQ,KR7037350006
씨씨에스,KOSDAQ,KR7066790007
NI스틸,KOSPI,KR7008260002
성창기업지주,KOSPI,KR7000180000
팜스코,KOSPI,KR7036580009
LK삼양,KOSDAQ,KR7225190008
케이옥션,KOSDAQ,KR7102370004
TP,KOSPI,KR7007980006
에스트래픽,KOSDAQ,KR7234300002
조흥,KOSPI,KR7002600005
유성티엔에스,KOSDAQ,KR7024800005
두산퓨얼셀1우,KOSPI,KR733626K013
핑거,KOSDAQ,KR7163730005
크라운해태홀딩스,KOSPI,KR7005740006
스톤브릿지벤처스,KOSDAQ,KR7330730003
유라테크,KOSDAQ,KR7048430003
삼원강재,KOSPI,KR7023000003
대원미디어,KOSDAQ,KR7048910004
에스엠코어,KOSDAQ,KR7007820004
서원인텍,KOSDAQ,KR7093920007
프로젠,KONEX,KR7296160005
우리바이오,KOSDAQ,KR7082850009
딥노이드,KOSDAQ,KR7315640003
휴비츠,KOSDAQ,KR7065510000
경창산업,KOSDAQ,KR7024910002
동일고무벨트,KOSPI,KR7163560006
하이로닉,KOSDAQ,KR7149980005
스튜디오미르,KOSDAQ,KR7408900009
엑스페릭스,KOSDAQ,KR7317770006
엔케이,KOSPI,KR7085310001
아모센스,KOSDAQ,KR7357580000
대보마그네틱,KOSDAQ,KR7290670009
알파칩스,KOSDAQ,KR7117670000
KNN,KOSDAQ,KR7058400003
에르코스,KOSDAQ,KR7435570007
세원물산,KOSDAQ,KR7024830002
탑코미디어,KOSDAQ,KR7134580000
이닉스,KOSDAQ,KR7452400005
삐아,KOSDAQ,KR7451250005
신일전자,KOSPI,KR7002700003
KTis,KOSPI,KR7058860008
리드코프,KOSDAQ,KR7012700001
대한뉴팜,KOSDAQ,KR7054670005
동일산업,KOSPI,KR7004890000
화일약품,KOSDAQ,KR7061250007
제일연마,KOSPI,KR7001560002
삼호개발,KOSPI,KR7010960003
지오엘리먼트,KOSDAQ,KR7311320006
세코닉스,KOSDAQ,KR7053450003
영보화학,KOSPI,KR7014440002
크리스에프앤씨,KOSDAQ,KR7110790003
스톰테크,KOSDAQ,KR7352090005
지앤비에스 에코,KOSDAQ,KR7382800001
퀀타매트릭스,KOSDAQ,KR7317690006
대정화금,KOSDAQ,KR7120240007
내츄럴엔도텍,KOSDAQ,KR7168330009
세종텔레콤,KOSDAQ,KR7036630002
자이언트스텝,KOSDAQ,KR7289220006
에이에스텍,KOSDAQ,KR7453860009
에이치엠넥스,KOSDAQ,KR7036170009
하이딥,KOSDAQ,KR7365590009
HC홈센타,KOSDAQ,KR7060560000
엠오티,KOSDAQ,KR7413390006
위닉스,KOSDAQ,KR7044340008
정상제이엘에스,KOSDAQ,KR7040420002
이건홀딩스,KOSDAQ,KR7039020003
국제약품,KOSPI,KR7002720001
SK이노베이션우,KOSPI,KR7096771001
지아이텍,KOSDAQ,KR7382480002
리메드,KOSDAQ,KR7302550009
팜젠사이언스,KOSPI,KR7004720009
지슨,KOSDAQ,KR7446840001
중앙백신,KOSDAQ,KR7072020001
신테카바이오,KOSDAQ,KR7226330009
예스24,KOSDAQ,KR7053280004
빛과전자,KOSDAQ,KR7069540003
알트,KOSDAQ,KR7459550000
GS우,KOSPI,KR7078931003
서한,KOSDAQ,KR7011370004
신신제약,KOSDAQ,KR7002800001
크리스탈신소재,KOSDAQ,KYG2115T1076
인성정보,KOSDAQ,KR7033230004
폴라리스AI파마,KOSDAQ,KR7041910001
휴비스,KOSPI,KR7079980009
유니테크노,KOSDAQ,KR7241690007
영화테크,KOSDAQ,KR7265560003
인스코비,KOSPI,KR7006490007
나이스디앤비,KOSDAQ,KR7130580004
창해에탄올,KOSDAQ,KR7004650008
지엠비코리아,KOSPI,KR7013870001
한국특강,KOSPI,KR7007280001
와이엠텍,KOSDAQ,KR7273640003
다원시스,KOSDAQ,KR7068240001
코리아나,KOSDAQ,KR7027050004
위드텍,KOSDAQ,KR7348350000
씨케이솔루션,KOSPI,KR7480370006
아이비김영,KOSDAQ,KR7339950008
한울소재과학,KOSDAQ,KR7091440008
위츠,KOSDAQ,KR7459100004
폴라리스세원,KOSDAQ,KR7234100006
태경케미컬,KOSPI,KR7006890008
CS홀딩스,KOSPI,KR7000590000
샤페론,KOSDAQ,KR7378800007
부국증권우,KOSPI,KR7001271006
이브이첨단소재,KOSDAQ,KR7131400004
SKAI,KOSDAQ,KR7357880004
큐라티스,KOSDAQ,KR7348080003
아미코젠,KOSDAQ,KR7092040005
아이로보틱스,KOSDAQ,KR7066430000
비아트론,KOSDAQ,KR7141000000
화성밸브,KOSDAQ,KR7039610001
남화산업,KOSDAQ,KR7111710000
노랑풍선,KOSDAQ,KR7104620000
한국내화,KOSPI,KR7010040004
TS트릴리온,KOSDAQ,KR7317240000
블랙야크아이앤씨,KOSDAQ,KR7478560006
팬스타엔터프라이즈,KOSDAQ,KR7054300009
인크로스,KOSDAQ,KR7216050005
HRS,KOSDAQ,KR7036640001
케이엔더블유,KOSDAQ,KR7105330005
한국가구,KOSDAQ,KR7004590006
링네트,KOSDAQ,KR7042500009
한국선재,KOSDAQ,KR7025550005
이엘씨,KOSDAQ,KR7041520008
오파스넷,KOSDAQ,KR7173130006
정다운,KOSDAQ,KR7208140004
지엘팜텍,KOSDAQ,KR7204840003
한켐,KOSDAQ,KR7457370005
동인기연,KOSPI,KR7111380002
제이엔케이글로벌,KOSDAQ,KR7126880004
엔바이오니아,KOSDAQ,KR7317870004
센코,KOSDAQ,KR7347000002
녹십자엠에스,KOSDAQ,KR7142280007
세토피아,KOSDAQ,KR7222810004
위메이드플레이,KOSDAQ,KR7123420002
아이큐어,KOSDAQ,KR7175250000
부산산업,KOSPI,KR7011390002
레이언스,KOSDAQ,KR7228850004
대성창투,KOSDAQ,KR7027830009
화천기공,KOSPI,KR7000850008
NH프라임리츠,KOSPI,KR7338100001
에어레인,KOSDAQ,KR7163280001
코렌텍,KOSDAQ,KR7104540000
대창솔루션,KOSDAQ,KR7096350004
제일엠앤에스,KOSDAQ,KR7412540007
토마토시스템,KOSDAQ,KR7393210000
이녹스,KOSDAQ,KR7088390000
제이스텍,KOSDAQ,KR7090470006
씨티케이,KOSDAQ,KR7260930003
태양금속,KOSPI,KR7004100004
사조오양,KOSPI,KR7006090005
비트맥스,KOSDAQ,KR7377030002
참좋은여행,KOSDAQ,KR7094850005
에이텍,KOSDAQ,KR7045660008
3S,KOSDAQ,KR7060310000
진양산업,KOSPI,KR7003780004
동방아그로,KOSPI,KR7007590003
우리산업,KOSDAQ,KR7215360009
SM Life Design,KOSDAQ,KR7063440002
삼부토건,KOSPI,KR7001470004
트루엔,KOSDAQ,KR7417790003
푸른기술,KOSDAQ,KR7094940004
NPX,KOSDAQ,KR7222160004
HLB제넥스,KOSDAQ,KR7187420005
신송홀딩스,KOSPI,KR7006880009
레이,KOSDAQ,KR7228670006
무림페이퍼,KOSPI,KR7009200007
라이콤,KOSDAQ,KR7388790008
셀리드,KOSDAQ,KR7299660001
유니크,KOSDAQ,KR7011320009
키스트론,KOSDAQ,KR7475430005
오비고,KOSDAQ,KR7352910004
에이치시티,KOSDAQ,KR7072990005
서진오토모티브,KOSDAQ,KR7122690001
남광토건,KOSPI,KR7001260009
부방,KOSDAQ,KR7014470009
한컴라이프케어,KOSPI,KR7372910000
HLB파나진,KOSDAQ,KR7046210001
디지틀조선,KOSDAQ,KR7033130006
대림바스,KOSPI,KR7005750005
우리넷,KOSDAQ,KR7115440000
한국컴퓨터,KOSDAQ,KR7054040001
TJ미디어,KOSDAQ,KR7032540007
서플러스글로벌,KOSDAQ,KR7140070004
덕우전자,KOSDAQ,KR7263600009
유비벨록스,KOSDAQ,KR7089850002
오리엔트정공,KOSDAQ,KR7065500001
시공테크,KOSDAQ,KR7020710000
아이에스티이,KOSDAQ,KR7212710008
알체라,KOSDAQ,KR7347860009
한솔로지스틱스,KOSPI,KR7009180001
FSN,KOSDAQ,KR7214270001
아크솔루션스,KOSDAQ,KR7203690003
유유제약,KOSPI,KR7000220004
제로투세븐,KOSDAQ,KR7159580000
비트컴퓨터,KOSDAQ,KR7032850000
제이씨현시스템,KOSDAQ,KR7033320003
삼정펄프,KOSPI,KR7009770009
SGC E&C,KOSDAQ,KR7016250003
동원금속,KOSPI,KR7018500009
데이타솔루션,KOSDAQ,KR7263800005
한일단조,KOSDAQ,KR7024740003
아모레퍼시픽홀딩스우,KOSPI,KR7002791002
에너토크,KOSDAQ,KR7019990001
엔에프씨,KOSDAQ,KR7265740001
이삭엔지니어링,KOSDAQ,KR7351330006
디와이덕양,KOSPI,KR7024900003
차백신연구소,KOSDAQ,KR7261780001
HLB펩,KOSDAQ,KR7196300008
로스웰,KOSDAQ,HK0000295359
셀바이오휴먼텍,KOSDAQ,KR7318160009
라이온켐텍,KOSDAQ,KR7171120009
금호전기,KOSPI,KR7001210004
모나리자,KOSPI,KR7012690004
삼일씨엔에스,KOSPI,KR7004440004
피제이메탈,KOSDAQ,KR7128660008
아이엠티,KOSDAQ,KR7451220008
피엔케이피부임상연구센타,KOSDAQ,KR7347740003
SCL사이언스,KOSDAQ,KR7246960009
위지트,KOSDAQ,KR7036090009
iMBC,KOSDAQ,KR7052220001
코어라인소프트,KOSDAQ,KR7384470001
한국전자인증,KOSDAQ,KR7041460007
옵티팜,KOSDAQ,KR7153710009
구영테크,KOSDAQ,KR7053270005
대현,KOSPI,KR7016090003
상지건설,KOSDAQ,KR7042940007
아이씨디,KOSDAQ,KR7040910002
씨티알모빌리티,KOSPI,KR7308170000
포커스에이아이,KOSDAQ,KR7331380006
레이저옵텍,KOSDAQ,KR7199550005
제이씨케미칼,KOSDAQ,KR7137950002
프로티아,KOSDAQ,KR7303360002
메가터치,KOSDAQ,KR7446540007
오픈베이스,KOSDAQ,KR7049480007
금강철강,KOSDAQ,KR7053260006
APS,KOSDAQ,KR7054620000
티플랙스,KOSDAQ,KR7081150005
와이엠씨,KOSDAQ,KR7155650005
아이티센씨티에스,KOSPI,KR7031820004
자이글,KOSDAQ,KR7234920007
덕성,KOSPI,KR7004830006
RF시스템즈,KOSDAQ,KR7474610003
에코캡,KOSDAQ,KR7128540002
경남스틸,KOSDAQ,KR7039240007
탑선,KONEX,KR7180060006
앱튼,KOSDAQ,KR7270520000
원익큐브,KOSDAQ,KR7014190003
동방선기,KOSDAQ,KR7099410003
예림당,KOSDAQ,KR7036000008
다보링크,KOSDAQ,KR7340360007
국순당,KOSDAQ,KR7043650001
호전실업,KOSPI,KR7111110003
까뮤이앤씨,KOSPI,KR7013700000
신일제약,KOSDAQ,KR7012790002
블리츠웨이엔터테인먼트,KOSDAQ,KR7369370002
유투바이오,KOSDAQ,KR7221800006
에이프로,KOSDAQ,KR7262260003
셀로맥스사이언스,KOSDAQ,KR7471820001
M83,KOSDAQ,KR7476080007
일지테크,KOSDAQ,KR7019540004
신스틸,KOSDAQ,KR7162300008
동일금속,KOSDAQ,KR7109860007
현대에이치티,KOSDAQ,KR7039010004
큐에스아이,KOSDAQ,KR7066310004
팬젠,KOSDAQ,KR7222110009
엔시스,KOSDAQ,KR7333620003
슈프리마에이치큐,KOSDAQ,KR7094840006
삼기,KOSDAQ,KR7122350002
에이스토리,KOSDAQ,KR7241840008
엠투엔,KOSDAQ,KR7033310004
일신바이오,KOSDAQ,KR7068330000
인터지스,KOSPI,KR7129260006
소마젠,KOSDAQ,KR8840150005
서울평가정보,KOSDAQ,KR7036120004
기신정기,KOSPI,KR7092440007
솔디펜스,KOSDAQ,KR7215090002
테라사이언스,KOSDAQ,KR7073640005
윈팩,KOSDAQ,KR7097800007
엘컴텍,KOSDAQ,KR7037950003
위너스,KOSDAQ,KR7479960007
상상인증권,KOSPI,KR7001290006
코오롱인더우,KOSPI,KR7120111000
삼양케이씨아이,KOSDAQ,KR7036670008
제이피아이헬스케어,KOSDAQ,KR70010V0005
꿈비,KOSDAQ,KR7407400001
자연과환경,KOSDAQ,KR7043910009
SDN,KOSDAQ,KR7099220006
진양제약,KOSDAQ,KR7007370000
에스엠씨지,KOSDAQ,KR7460870009
세아메카닉스,KOSDAQ,KR7396300006
지에프씨생명과학,KOSDAQ,KR7388610008
서울리거,KOSDAQ,KR7043710003
삼현철강,KOSDAQ,KR7017480005
하이스틸,KOSPI,KR7071090005
오리콤,KOSDAQ,KR7010470003
액토즈소프트,KOSDAQ,KR7052790003
깨끗한나라,KOSPI,KR7004540001
에스퓨얼셀,KOSDAQ,KR7288620008
텔콘RF제약,KOSDAQ,KR7200230001
SG글로벌,KOSPI,KR7001380005
에스넷,KOSDAQ,KR7038680005
DL이앤씨2우(전환),KOSPI,KR737550K029
멤레이비티,KOSDAQ,KR7072770001
아스플로,KOSDAQ,KR7159010008
현대건설우,KOSPI,KR7000721001
푸드나무,KOSDAQ,KR7290720002
대림제지,KOSDAQ,KR7017650003
지에스이,KOSDAQ,KR7053050001
아이진,KOSDAQ,KR7185490000
인크레더블버즈,KOSDAQ,KR7064090004
티이엠씨씨엔에스,KOSDAQ,KR7241790005
유니온,KOSPI,KR7000910000
백금T&A,KOSDAQ,KR7046310009
화인베스틸,KOSPI,KR7133820001
서남,KOSDAQ,KR7294630009
마이크로투나노,KOSDAQ,KR7424980001
아이디피,KOSDAQ,KR7332370006
케이엘넷,KOSDAQ,KR7039420005
인지소프트,KOSDAQ,KR7100030006
화인써키트,KOSDAQ,KR7127980001
이상네트웍스,KOSDAQ,KR7080010002
비투엔,KOSDAQ,KR7307870006
케이사인,KOSDAQ,KR7192250009
노브랜드,KOSDAQ,KR7145170007
파워넷,KOSDAQ,KR7037030004
코스맥스엔비티,KOSDAQ,KR7222040008
와이랩,KOSDAQ,KR7432430007
남양유업우,KOSPI,KR7003921004
오리엔트바이오,KOSPI,KR7002630002
제너셈,KOSDAQ,KR7217190008
유신,KOSDAQ,KR7054930003
테이팩스,KOSPI,KR7055490007
모아라이프플러스,KOSDAQ,KR7142760008
원포유,KONEX,KR7122830003
웨이브일렉트로,KOSDAQ,KR7095270005
제이엔비,KOSDAQ,KR7452160005
우듬지팜,KOSDAQ,KR7403490006
이노메트리,KOSDAQ,KR7302430004
알리코제약,KOSDAQ,KR7260660006
한울반도체,KOSDAQ,KR7320000003
명문제약,KOSPI,KR7017180001
뉴온,KOSDAQ,KR7123840001
시그네틱스,KOSDAQ,KR7033170002
선바이오,KOSDAQ,KR7067370007
혜인,KOSPI,KR7003010006
화승알앤에이,KOSPI,KR7378850002
서암기계공업,KOSDAQ,KR7100660000
미래에셋맵스리츠,KOSPI,KR7357250000
유라클,KOSDAQ,KR7088340005
강동씨앤엘,KOSDAQ,KR7198440000
엔에스이엔엠,KOSDAQ,KR7078860004
모바일어플라이언스,KOSDAQ,KR7087260006
사이냅소프트,KOSDAQ,KR7466410008
동아엘텍,KOSDAQ,KR7088130000
NHN벅스,KOSDAQ,KR7104200001
비상교육,KOSPI,KR7100220003
인지디스플레,KOSDAQ,KR7037330008
아이티센엔텍,KOSDAQ,KR7010280006
덴티스,KOSDAQ,KR7261200000
동일기연,KOSDAQ,KR7032960007
네오크레마,KOSDAQ,KR7311390009
DH오토웨어,KOSDAQ,KR7025440009
SG세계물산,KOSPI,KR7004060000
엑스플러스,KOSDAQ,KR7373200005
알에프텍,KOSDAQ,KR7061040002
데이원컴퍼니,KOSDAQ,KR7373160001
NEW,KOSDAQ,KR7160550000
비아이매트릭스,KOSDAQ,KR7413640004
홈캐스트,KOSDAQ,KR7064240005
키이스트,KOSDAQ,KR7054780002
새론오토모티브,KOSPI,KR7075180000
베노티앤알,KOSDAQ,KR7206400004
우원개발,KOSDAQ,KR7046940003
한성크린텍,KOSDAQ,KR7066980004
삼화왕관,KOSPI,KR7004450003
형지엘리트,KOSPI,KR7093240000
우리산업홀딩스,KOSDAQ,KR7072470008
보락,KOSPI,KR7002760007
오상자이엘,KOSDAQ,KR7053980009
링크제니시스,KOSDAQ,KR7219420007
흥국에프엔비,KOSDAQ,KR7189980006
수산아이앤티,KOSDAQ,KR7050960004
롯데칠성우,KOSPI,KR7005301007
캐리소프트,KOSDAQ,KR7317530004
대모,KOSDAQ,KR7317850006
SJM,KOSPI,KR7123700007
푸드웰,KOSDAQ,KR7005670005
소노스퀘어,KOSDAQ,KR7007720006
에이아이코리아,KOSDAQ,KR7364950006
이오플로우,KOSDAQ,KR7294090006
린드먼아시아,KOSDAQ,KR7277070009
KBI메탈,KOSDAQ,KR7024840001
유니온머티리얼,KOSPI,KR7047400007
와이어블,KOSDAQ,KR7065530008
더라미,KOSDAQ,KR7032860009
쎄니트,KOSDAQ,KR7037760006
희림,KOSDAQ,KR7037440005
고려산업,KOSPI,KR7002140002
에프엔씨엔터,KOSDAQ,KR7173940008
KX하이텍,KOSDAQ,KR7052900008
상신브레이크,KOSPI,KR7041650003
디알젬,KOSDAQ,KR7263690000
제일바이오,KOSDAQ,KR7052670007
아티스트컴퍼니,KOSDAQ,KR7321820003
광명전기,KOSPI,KR7017040007
다스코,KOSPI,KR7058730003
조광페인트,KOSPI,KR7004910006
대진첨단소재,KOSDAQ,KR7393970009
전방,KOSPI,KR7000950006
인디에프,KOSPI,KR7014990006
SK케미칼우,KOSPI,KR728513K010
미래생명자원,KOSDAQ,KR7218150001
티비씨,KOSDAQ,KR7033830001
케이비아이동국실업,KOSPI,KR7001620004
에스씨디,KOSDAQ,KR7042110007
DSR,KOSPI,KR7155660004
제노레이,KOSDAQ,KR7122310006
서린바이오,KOSDAQ,KR7038070009
그린생명과학,KOSDAQ,KR7114450000
코콤,KOSDAQ,KR7015710007
산돌,KOSDAQ,KR7419120001
SG&G,KOSDAQ,KR7040610008
제이스코홀딩스,KOSDAQ,KR7023440001
브리지텍,KOSDAQ,KR7064480007
포메탈,KOSDAQ,KR7119500007
씨아이테크,KOSPI,KR7004920005
이스트에이드,KOSDAQ,KR7239340003
토탈소프트,KOSDAQ,KR7045340007
포인트엔지니어링,KOSDAQ,KR7256630005
원풍,KOSDAQ,KR7008370009
흥국,KOSDAQ,KR7010240000
모아텍,KOSDAQ,KR7033200007
쓰리에이로직스,KOSDAQ,KR7177900008
DGI,KOSDAQ,KR7099520009
씨앤투스,KOSDAQ,KR7352700009
평화홀딩스,KOSPI,KR7010770006
나라엠앤디,KOSDAQ,KR7051490001
EDGC,KOSDAQ,KR7245620000
현우산업,KOSDAQ,KR7092300003
잉크테크,KOSDAQ,KR7049550007
조비,KOSPI,KR7001550003
옵트론텍,KOSDAQ,KR7082210006
보해양조,KOSPI,KR7000890004
코리아써우,KOSPI,KR7007811003
우리로,KOSDAQ,KR7046970000
아이에이,KOSDAQ,KR7038880001
유성기업,KOSPI,KR7002920007
티사이언티픽,KOSDAQ,KR7057680001
엔투텍,KOSDAQ,KR7227950003
디티씨,KOSDAQ,KR7066670001
서울식품,KOSPI,KR7004410007
한화솔루션우,KOSPI,KR7009831009
SJM홀딩스,KOSPI,KR7025530007
플레이디,KOSDAQ,KR7237820006
그린플러스,KOSDAQ,KR7186230009
포시에스,KOSDAQ,KR7189690001
삼화전자,KOSPI,KR7011230000
알피바이오,KOSDAQ,KR7314140005
에스코넥,KOSDAQ,KR7096630009
코디,KOSDAQ,KR7080530009
SB성보,KOSPI,KR7003080009
성문전자,KOSPI,KR7014910004
유엔젤,KOSPI,KR7072130008
라메디텍,KOSDAQ,KR7462510009
성안머티리얼스,KOSPI,KR7011300001
덕신이피씨,KOSDAQ,KR7090410002
대륙제관,KOSDAQ,KR7004780003
대원,KOSDAQ,KR7007680002
신한글로벌액티브리츠,KOSPI,KR7481850006
대성하이텍,KOSDAQ,KR7129920005
에코볼트,KOSDAQ,KR7097780001
써니전자,KOSPI,KR7004770004
민테크,KOSDAQ,KR7452200009
미래산업,KOSPI,KR7025560004
대양금속,KOSPI,KR7009190000
이글루,KOSDAQ,KR7067920009
엠젠솔루션,KOSDAQ,KR7032790008
앱토크롬,KOSDAQ,KR7109960005
SGA솔루션즈,KOSDAQ,KR7184230001
나무기술,KOSDAQ,KR7242040004
에스디생명공학,KOSDAQ,KR7217480003
하츠,KOSDAQ,KR7066130006
삼천리자전거,KOSDAQ,KR7024950008
대구백화점,KOSPI,KR7006370001
한국팩키지,KOSDAQ,KR7037230000
아진전자부품,KOSPI,KR7009320003
사토시홀딩스,KOSDAQ,KR7223310004
HB인베스트먼트,KOSDAQ,KR7440290005
제일테크노스,KOSDAQ,KR7038010005
태양,KOSDAQ,KR7053620001
램테크놀러지,KOSDAQ,KR7171010002
평화산업,KOSPI,KR7090080003
탑엔지니어링,KOSDAQ,KR7065130007
선도전기,KOSPI,KR7007610009
지더블유바이텍,KOSDAQ,KR7036180008
한국첨단소재,KOSDAQ,KR7062970009
포스뱅크,KOSDAQ,KR7105760003
한국비티비,KOSDAQ,KR7219750007
에이비프로바이오,KOSDAQ,KR7195990007
와이엠,KOSDAQ,KR7007530009
범양건영,KOSPI,KR7002410009
THE CUBE&,KOSDAQ,KR7013720008
나노실리칸첨단소재,KOSDAQ,KR7286750005
알비더블유,KOSDAQ,KR7361570005
DSR제강,KOSPI,KR7069730000
TS인베스트먼트,KOSDAQ,KR7246690002
파이오링크,KOSDAQ,KR7170790000
인포뱅크,KOSDAQ,KR7039290002
서원,KOSPI,KR7021050000
리튬포어스,KOSDAQ,KR7073570004
티웨이홀딩스,KOSPI,KR7004870002
동우팜투테이블,KOSDAQ,KR7088910005
TPC,KOSDAQ,KR7048770002
뱅크웨어글로벌,KOSDAQ,KR7199480005
아티스트스튜디오,KOSDAQ,KR7200350007
영림원소프트랩,KOSDAQ,KR7060850005
대유에이텍,KOSPI,KR7002880003
갤럭시아에스엠,KOSPI,KR7011420007
신화인터텍,KOSDAQ,KR7056700008
이글벳,KOSDAQ,KR7044960003
트윔,KOSDAQ,KR7290090000
진양화학,KOSPI,KR7051630002
티디에스팜,KOSDAQ,KR7464280007
유일에너테크,KOSDAQ,KR7340930007
에이텍모빌리티,KOSDAQ,KR7224110007
씨유테크,KOSDAQ,KR7376290003
영화금속,KOSPI,KR7012280004
케어랩스,KOSDAQ,KR7263700007
SK디스커버리우,KOSPI,KR7006121008
보라티알,KOSDAQ,KR7250000007
알에프세미,KOSDAQ,KR7096610001
BYC우,KOSPI,KR7001461003
얼라인드,KOSDAQ,KR7238120000
캐프,KOSDAQ,KR7198080004
메타케어,KOSPI,KR7118000009
신라섬유,KOSDAQ,KR7001000009
메이슨캐피탈,KOSDAQ,KR7021880000
한국종합기술,KOSPI,KR7023350002
오브젠,KOSDAQ,KR7417860004
팬엔터테인먼트,KOSDAQ,KR7068050004
일월지엠엘,KOSDAQ,KR7178780003
유안타증권우,KOSPI,KR7003471000
머큐리,KOSDAQ,KR7100590009
인스피언,KOSDAQ,KR7465480002
씨엔알리서치,KOSDAQ,KR7359090008
팸텍,KOSDAQ,KR7271830002
블루콤,KOSDAQ,KR7033560004
마스턴프리미어리츠,KOSPI,KR7357430008
우성,KOSPI,KR7006980007
코위버,KOSDAQ,KR7056360001
한솔홈데코,KOSPI,KR7025750001
네오펙트,KOSDAQ,KR7290660000
에쓰씨엔지니어링,KOSPI,KR7023960008
버넥트,KOSDAQ,KR7438700007
픽셀플러스,KOSDAQ,KR7087600003
피엔에이치테크,KOSDAQ,KR7239890007
금비,KOSPI,KR7008870008
휴림에이텍,KOSDAQ,KR7078590007
엔텔스,KOSDAQ,KR7069410009
차이커뮤니케이션,KOSDAQ,KR7351870001
상신전자,KOSDAQ,KR7263810004
에이엠시지,KONEX,KR7495900003
한싹,KOSDAQ,KR7430690008
우양,KOSDAQ,KR7103840005
다산디엠씨,KOSDAQ,KR7208860007
모비데이즈,KOSDAQ,KR7363260001
효성오앤비,KOSDAQ,KR7097870000
케일럼,KOSDAQ,KR7258610005
화신정공,KOSDAQ,KR7126640002
프리시젼바이오,KOSDAQ,KR7335810008
인스웨이브,KOSDAQ,KR7450520002
크라우드웍스,KOSDAQ,KR7355390006
아이앤씨,KOSDAQ,KR7052860004
와토스코리아,KOSDAQ,KR7079000006
PN풍년,KOSDAQ,KR7024940009
승일,KOSDAQ,KR7049830003
삼화네트웍스,KOSDAQ,KR7046390001
마니커,KOSPI,KR7027740000
유화증권우,KOSPI,KR7003461001
블루산업개발,KOSPI,KR7006740005
진매트릭스,KOSDAQ,KR7109820001
EG,KOSDAQ,KR7037370004
프로이천,KOSDAQ,KR7321260002
경남제약,KOSDAQ,KR7053950002
제이투케이바이오,KOSDAQ,KR7420570004
심플랫폼,KOSDAQ,KR7444530000
제이에스티나,KOSDAQ,KR7026040006
코스나인,KOSDAQ,KR7082660002
YBM넷,KOSDAQ,KR7057030009
시큐레터,KOSDAQ,KR7418250007
하스,KOSDAQ,KR7450330006
네이블,KOSDAQ,KR7153460001
영흥,KOSPI,KR7012160008
싸이버원,KOSDAQ,KR7356890004
비씨월드제약,KOSDAQ,KR7200780005
옵티시스,KOSDAQ,KR7109080002
수성웹툰,KOSDAQ,KR7084180009
DH오토리드,KOSDAQ,KR7290120005
제이티,KOSDAQ,KR7089790000
옴니시스템,KOSDAQ,KR7057540007
일진디스플,KOSPI,KR7020760005
파수,KOSDAQ,KR7150900009
원바이오젠,KOSDAQ,KR7307280008
엘엠에스,KOSDAQ,KR7073110009
DL이앤씨우,KOSPI,KR737550K011
미트박스,KOSDAQ,KR7475460002
KC산업,KONEX,KR7112190004
서연탑메탈,KOSDAQ,KR7019770007
코맥스,KOSDAQ,KR7036690006
오토앤,KOSDAQ,KR7353590003
아이비젼웍스,KOSDAQ,KR7469750004
코리아에셋투자증권,KOSDAQ,KR7190650002
웨이버스,KOSDAQ,KR7336060009
이건산업,KOSPI,KR7008250003
고려제약,KOSDAQ,KR7014570006
오텍,KOSDAQ,KR7067170001
상보,KOSDAQ,KR7027580000
아이빔테크놀로지,KOSDAQ,KR7460470008
빛샘전자,KOSDAQ,KR7072950009
헝셩그룹,KOSDAQ,HK0000214814
모니터랩,KOSDAQ,KR7434480000
닷밀,KOSDAQ,KR7464580000
케이엠,KOSDAQ,KR7083550004
웰크론,KOSDAQ,KR7065950008
누보,KOSDAQ,KR7332290006
케이씨피드,KOSDAQ,KR7025880006
기가레인,KOSDAQ,KR7049080005
마니커에프앤지,KOSDAQ,KR7195500004
다원넥스뷰,KOSDAQ,KR7323350009
인산가,KOSDAQ,KR7277410007
포인트모바일,KOSDAQ,KR7318020005
오아,KOSDAQ,KR7342870003
대창스틸,KOSDAQ,KR7140520008
케이탑리츠,KOSPI,KR7145270005
메디쎄이,KONEX,KR7200580009
남화토건,KOSDAQ,KR7091590000
유니온바이오메트릭스,KOSDAQ,KR7203450002
핸디소프트,KOSDAQ,KR7220180004
위즈코프,KOSDAQ,KR7038620001
디에이피,KOSDAQ,KR7066900002
케이씨티,KOSDAQ,KR7089150007
폴라리스우노,KOSDAQ,KR7114630007
뉴트리,KOSDAQ,KR7270870009
에이전트AI,KOSDAQ,KR7060900008
애드포러스,KOSDAQ,KR7397810003
국영지앤엠,KOSDAQ,KR7006050009
한독크린텍,KOSDAQ,KR7256150004
신풍제약우,KOSPI,KR7019171008
프롬바이오,KOSDAQ,KR7377220009
앱코,KOSDAQ,KR7129890000
주성코퍼레이션,KOSPI,KR7109070003
아이언디바이스,KOSDAQ,KR7464500008
이엠넷,KOSDAQ,KR7123570004
코아스,KOSPI,KR7071950000
큐캐피탈,KOSDAQ,KR7016600009
자비스,KOSDAQ,KR7254120009
유에스티,KOSDAQ,KR7263770000
케이지에이,KOSDAQ,KR7455180000
CNT85,KOSDAQ,KR7056730005
씨큐브,KOSDAQ,KR7101240000
제이엠티,KOSDAQ,KR7094970001
저스템,KOSDAQ,KR7417840006
삼일기업공사,KOSDAQ,KR7002290005
엔피,KOSDAQ,KR7291230001
오늘이엔엠,KOSDAQ,KR7192410009
메타랩스,KOSPI,KR7090370008
압타머사이언스,KOSDAQ,KR7291650000
KB오토시스,KOSDAQ,KR7024120008
카티스,KOSDAQ,KR7140430000
YW,KOSDAQ,KR7051390003
진코스텍,KONEX,KR7250030004
앤디포스,KOSDAQ,KR7238090005
디와이디,KOSDAQ,KR7219550001
바이오톡스텍,KOSDAQ,KR7086040003
STX그린로지스,KOSPI,KR7465770006
아세아텍,KOSDAQ,KR7050860006
와이즈버즈,KOSDAQ,KR7273060004
라온피플,KOSDAQ,KR7300120003
문배철강,KOSPI,KR7008420002
캡스톤파트너스,KOSDAQ,KR7452300007
케이디켐,KOSDAQ,KR7221980006
아이크래프트,KOSDAQ,KR7052460003
피코그램,KOSDAQ,KR7376180006
에이치엘사이언스,KOSDAQ,KR7239610009
티엔엔터테인먼트,KOSDAQ,KR7131100000
누리플렉스,KOSDAQ,KR7040160004
엑시큐어하이트론,KOSPI,KR7019490002
에코바이오,KOSDAQ,KR7038870002
디케이앤디,KOSDAQ,KR7263020000
케이쓰리아이,KOSDAQ,KR7431190008
오가닉티코스메틱,KOSDAQ,HK0000312568
파인메딕스,KOSDAQ,KR7387570005
한네트,KOSDAQ,KR7052600004
비비씨,KOSDAQ,KR7318410008
메가엠디,KOSDAQ,KR7133750000
나래나노텍,KOSDAQ,KR7137080008
바이브컴퍼니,KOSDAQ,KR7301300000
파인테크닉스,KOSDAQ,KR7106240005
에스켐,KOSDAQ,KR7475660007
그리티,KOSDAQ,KR7204020002
이화산업,KOSPI,KR7000760009
파버나인,KOSDAQ,KR7177830007
부국철강,KOSPI,KR7026940007
씨이랩,KOSDAQ,KR7189330004
한국큐빅,KOSDAQ,KR7021650007
파라텍,KOSDAQ,KR7033540006
피엔티엠에스,KOSDAQ,KR7257370007
영우디에스피,KOSDAQ,KR7143540003
하이즈항공,KOSDAQ,KR7221840002
동국알앤에스,KOSDAQ,KR7075970004
SH에너지화학,KOSPI,KR7002360006
손오공,KOSDAQ,KR7066910001
오공,KOSDAQ,KR7045060001
시디즈,KOSPI,KR7134790005
썸에이지,KOSDAQ,KR7208640003
뉴키즈온,KOSDAQ,KR7462310004
비큐AI,KOSDAQ,KR7148780000
애드바이오텍,KOSDAQ,KR7179530001
브레인즈컴퍼니,KOSDAQ,KR7099390007
플레이그램,KOSPI,KR7009810003
케이피엠테크,KOSDAQ,KR7042040006
코퍼스코리아,KOSDAQ,KR7322780008
이노뎁,KOSDAQ,KR7303530000
신한제11호스팩,KOSDAQ,KR7452980006
휴맥스,KOSDAQ,KR7115160004
윙입푸드,KOSDAQ,HK0000449303
유엑스엔,KONEX,KR7337840003
플랜티넷,KOSDAQ,KR7075130005
아시아경제,KOSDAQ,KR7127710002
프리엠스,KOSDAQ,KR7053160008
에스알바이오텍,KONEX,KR7270210008
누리플랜,KOSDAQ,KR7069140002
GH신소재,KOSDAQ,KR7130500002
세림B&G,KOSDAQ,KR7340440007
위세아이텍,KOSDAQ,KR7065370009
한화투자증권우,KOSPI,KR7003531001
에이루트,KOSDAQ,KR7096690003
우진플라임,KOSPI,KR7049800006
부산주공,KOSPI,KR7005030002
에쎈테크,KOSDAQ,KR7043340009
캠시스,KOSDAQ,KR7050110006
테크엘,KOSDAQ,KR7064520000
ES큐브,KOSDAQ,KR7050120005
에스에이티,KOSDAQ,KR7060540002
동양파일,KOSDAQ,KR7228340006
아이즈비전,KOSDAQ,KR7031310006
체리부로,KOSDAQ,KR7066360009
쎄노텍,KOSDAQ,KR7222420002
KBG,KOSDAQ,KR7318000007
이루온,KOSDAQ,KR7065440000
대신정보통신,KOSDAQ,KR7020180006
이엔플러스,KOSPI,KR7074610007
휴네시온,KOSDAQ,KR7290270008
성우전자,KOSDAQ,KR7081580003
힘스,KOSDAQ,KR7238490007
대원화성,KOSPI,KR7024890006
오션인더블유,KOSDAQ,KR7052300001
엔비티,KOSDAQ,KR7236810008
글로본,KOSDAQ,KR7019660000
컬러레이,KOSDAQ,HK0000341732
아이퀘스트,KOSDAQ,KR7262840002
서전기전,KOSDAQ,KR7189860000
아이지넷,KOSDAQ,KR7462980004
에스씨엠생명과학,KOSDAQ,KR7298060005
캐스텍코리아,KOSDAQ,KR7071850002
THE E&M,KOSDAQ,KR7089230007
DL우,KOSPI,KR7000211003
휴엠앤씨,KOSDAQ,KR7263920001
진바이오텍,KOSDAQ,KR7086060001
디에이테크놀로지,KOSDAQ,KR7196490007
오픈놀,KOSDAQ,KR7440320000
모나미,KOSPI,KR7005360003
신풍,KOSPI,KR7002870004
에코글로우,KOSDAQ,KR7159910009
코셈,KOSDAQ,KR7360350003
제놀루션,KOSDAQ,KR7225220003
이노시뮬레이션,KOSDAQ,KR7274400001
이화공영,KOSDAQ,KR7001840008
알티캐스트,KOSDAQ,KR7085810000
파인디앤씨,KOSDAQ,KR7049120009
스페코,KOSDAQ,KR7013810007
카이노스메드,KOSDAQ,KR7284620002
캔버스엔,KOSDAQ,KR7210120002
신원종합개발,KOSDAQ,KR7017000001
아이티센피엔에스,KOSDAQ,KR7232830000
티케이지애강,KOSDAQ,KR7022220008
엠아이큐브솔루션,KOSDAQ,KR7373170000
셀피글로벌,KOSDAQ,KR7068940006
알파AI,KOSDAQ,KR7043100007
율촌,KOSDAQ,KR7146060009
에스지헬스케어,KOSDAQ,KR7398120006
씨유메디칼,KOSDAQ,KR7115480006
이렘,KOSDAQ,KR7009730003
피델릭스,KOSDAQ,KR7032580003
엑스큐어,KOSDAQ,KR7070300009
솔루스첨단소재1우,KOSPI,KR733637K010
모헨즈,KOSDAQ,KR7006920003
대한과학,KOSDAQ,KR7131220006
엔젠바이오,KOSDAQ,KR7354200008
코아시아씨엠,KOSDAQ,KR7196450001
신진에스엠,KOSDAQ,KR7138070008
MH에탄올,KOSPI,KR7023150006
시선AI,KOSDAQ,KR7340810001
나우코스,KONEX,KR7257990002
KR모터스,KOSPI,KR7000040006
엠브레인,KOSDAQ,KR7169330008
원일특강,KOSDAQ,KR7012620001
넥스턴앤롤코리아,KOSDAQ,KR7089140008
엑시온그룹,KOSDAQ,KR7069920007
인바이츠바이오코아,KONEX,KR7216400002
동일스틸럭스,KOSDAQ,KR7023790009
프럼파스트,KOSDAQ,KR7035200005
오디텍,KOSDAQ,KR7080520000
소프트캠프,KOSDAQ,KR7258790005
서울제약,KOSDAQ,KR7018680009
신화콘텍,KOSDAQ,KR7187270004
한익스프레스,KOSPI,KR7014130009
아이컴포넌트,KOSDAQ,KR7059100008
우리이앤엘,KOSDAQ,KR7153490008
바이오포트,KOSDAQ,KR7188040000
루멘스,KOSDAQ,KR7038060000
대한방직,KOSPI,KR7001070002
진시스템,KOSDAQ,KR7363250002
대림통상,KOSPI,KR7006570006
세우글로벌,KOSPI,KR7013000005
바스칸바이오제약,KONEX,KR7354390007
육일씨엔에쓰,KOSDAQ,KR7191410000
라닉스,KOSDAQ,KR7317120004
한창산업,KOSDAQ,KR7079170007
우정바이오,KOSDAQ,KR7215380007
에피바이오텍,KONEX,KR7446440000
유니드비티플러스,KOSPI,KR7446070005
해성옵틱스,KOSDAQ,KR7076610005
부스타,KOSDAQ,KR7008470007
원림,KOSPI,KR7005820006
원티드랩,KOSDAQ,KR7376980009
동일제강,KOSPI,KR7002690006
플래티어,KOSDAQ,KR7367000007
파루,KOSDAQ,KR7043200005
아이윈플러스,KOSDAQ,KR7123010001
한성기업,KOSPI,KR7003680006
세화피앤씨,KOSDAQ,KR7252500004
넥사다이내믹스,KOSDAQ,KR7351320007
피엠티,KOSDAQ,KR7147760003
리더스코스메틱,KOSDAQ,KR7016100000
씨싸이트,KOSDAQ,KR7109670000
유비씨,KONEX,KR7495810004
세방우,KOSPI,KR7004361002
나라셀라,KOSDAQ,KR7405920000
성창오토텍,KOSDAQ,KR7080470008
체시스,KOSPI,KR7033250002
신시웨이,KOSDAQ,KR7290560002
성우테크론,KOSDAQ,KR7045300001
한국맥널티,KOSDAQ,KR7222980005
키네마스터,KOSDAQ,KR7139670004
다이나믹디자인,KOSPI,KR7145210001
파인텍,KOSDAQ,KR7131760001
삼진,KOSDAQ,KR7032750002
에넥스,KOSPI,KR7011090008
벡트,KOSDAQ,KR7457600005
윙스풋,KOSDAQ,KR7335870002
케이웨더,KOSDAQ,KR7068100007
대덕전자1우,KOSPI,KR735320K011
무림SP,KOSDAQ,KR7001810001
포톤,KOSDAQ,KR7208710004
형지글로벌,KOSDAQ,KR7308100007
알로이스,KOSDAQ,KR7297570004
두산퓨얼셀2우B,KOSPI,KR733626K021
디지캡,KOSDAQ,KR7197140007
핑거스토리,KOSDAQ,KR7417180007
이원컴포텍,KOSDAQ,KR7088290002
경인전자,KOSPI,KR7009140005
라피치,KONEX,KR7403360001
모아데이타,KOSDAQ,KR7288980006
젠큐릭스,KOSDAQ,KR7229000005
알엔투테크놀로지,KOSDAQ,KR7148250004
디모아,KOSDAQ,KR7016670002
형지I&C,KOSDAQ,KR7011080009
한주라이트메탈,KOSDAQ,KR7198940009
파인디지털,KOSDAQ,KR7038950002
한창제지,KOSPI,KR7009460007
유틸렉스,KOSDAQ,KR7263050007
이지트로닉스,KOSDAQ,KR7377330006
NE능률,KOSDAQ,KR7053290003
아이윈,KOSDAQ,KR7090150004
한화갤러리아우,KOSPI,KR745226K018
온타이드,KOSPI,KR7005320007
에스엘에스바이오,KOSDAQ,KR7246250005
엔에이치스팩29호,KOSDAQ,KR7451700009
조아제약,KOSDAQ,KR7034940007
피씨디렉트,KOSDAQ,KR7051380004
디티앤씨알오,KOSDAQ,KR7383930005
우진아이엔에스,KOSPI,KR7010400000
SUN&L,KOSPI,KR7002820009
루켄테크놀러지스,KONEX,KR7162120000
남성,KOSPI,KR7004270005
모코엠시스,KOSDAQ,KR7333050003
쏘닉스,KOSDAQ,KR7088280003
에이치와이티씨,KOSDAQ,KR7148930001
신도기연,KOSDAQ,KR7290520006
WISCOM,KOSPI,KR7024070005
세기상사,KOSPI,KR7002420008
멕아이씨에스,KOSDAQ,KR7058110008
한빛소프트,KOSDAQ,KR7047080007
롤링스톤,KOSDAQ,KR7214610008
드림인사이트,KOSDAQ,KR7362990004
바른손,KOSDAQ,KR7018700005
한울앤제주,KOSDAQ,KR7276730009
한국전자홀딩스,KOSPI,KR7006200000
탈로스,KONEX,KR7434190005
질경이,KONEX,KR7233990001
시큐브,KOSDAQ,KR7131090003
CSA 코스믹,KOSDAQ,KR7083660001
에이에프더블류,KOSDAQ,KR7312610009
정원엔시스,KOSDAQ,KR7045510005
에스앤더블류,KOSDAQ,KR7103230009
미디어젠,KOSDAQ,KR7279600001
도부,KONEX,KR7227420007
진양폴리,KOSPI,KR7010640001
소프트센,KOSDAQ,KR7032680001
딜리,KOSDAQ,KR7131180002
이씨에스,KOSDAQ,KR7067010009
엠에프씨,KOSDAQ,KR7432980001
대동스틸,KOSDAQ,KR7048470009
밸로프,KOSDAQ,KR7331520007
오스템,KOSDAQ,KR7031510001
아이티센코어,KONEX,KR7243870003
이미지스,KOSDAQ,KR7115610008
한국정밀기계,KOSDAQ,KR7101680007
웹스,KOSDAQ,KR7196700009
한세엠케이,KOSPI,KR7069640001
아우딘퓨쳐스,KOSDAQ,KR7227610003
미래아이앤지,KOSPI,KR7007120009
이노룰스,KOSDAQ,KR7296640006
세동,KOSDAQ,KR7053060000
큐로홀딩스,KOSDAQ,KR7051780005
동양에스텍,KOSDAQ,KR7060380003
한일화학,KOSDAQ,KR7007770001
조이웍스앤코,KOSDAQ,KR7309930006
핀텔,KOSDAQ,KR7291810000
기산텔레콤,KOSDAQ,KR7035460005
플레이위드,KOSDAQ,KR7023770001
솔트웨어,KOSDAQ,KR7328380001
서산,KOSDAQ,KR7079650008
코오롱우,KOSPI,KR7002021004
팜스빌,KOSDAQ,KR7318010006
한솔인티큐브,KOSDAQ,KR7070590005
티에스넥스젠,KOSDAQ,KR7043220003
풍강,KOSDAQ,KR7093380004
진영,KOSDAQ,KR7285800009
배럴,KOSDAQ,KR7267790004
세종메디칼,KOSDAQ,KR7258830009
아즈텍WB,KOSDAQ,KR7032080004
아이티아이즈,KOSDAQ,KR7372800003
호텔신라우,KOSPI,KR7008771008
대호특수강,KOSDAQ,KR7021040001
피앤씨테크,KOSDAQ,KR7237750005
카스,KOSDAQ,KR7016920001
엑셀세라퓨틱스,KOSDAQ,KR7373110006
선샤인푸드,KOSDAQ,KR7217620004
모비릭스,KOSDAQ,KR7348030008
대한항공우,KOSPI,KR7003491008
동원수산,KOSPI,KR7030720007
대성미생물,KOSDAQ,KR7036480002
비비안,KOSPI,KR7002070001
휴럼,KOSDAQ,KR7353190002
디와이씨,KOSDAQ,KR7310870001
디젠스,KOSDAQ,KR7113810006
이스트아시아홀딩스,KOSDAQ,HK0000057197
KB제27호스팩,KOSDAQ,KR7464680008
피플바이오,KOSDAQ,KR7304840002
S&K폴리텍,KOSDAQ,KR7091340000
한창,KOSPI,KR7005110002
애머릿지,KOSDAQ,USU652221081
케이바이오,KOSDAQ,KR7038530002
제이엠아이,KOSDAQ,KR7033050006
엔시트론,KOSDAQ,KR7101400000
주연테크,KOSPI,KR7044380004
디티앤씨,KOSDAQ,KR7187220009
비피도,KOSDAQ,KR7238200000
KS인더스트리,KOSDAQ,KR7101000008
동성제약,KOSPI,KR7002210003
에스에너지,KOSDAQ,KR7095910006
넥스트아이,KOSDAQ,KR7137940003
EMB,KONEX,KR7278990007
시지트로닉스,KOSDAQ,KR7429270002
TBH글로벌,KOSPI,KR7084870005
유진테크놀로지,KOSDAQ,KR7240600007
핸즈코퍼레이션,KOSPI,KR7143210003
아센디오,KOSPI,KR7012170007
엔더블유시,KONEX,KR7059180000
뉴인텍,KOSDAQ,KR7012340006
하이퍼코퍼레이션,KOSDAQ,KR7065650004
본느,KOSDAQ,KR7226340008
이스타코,KOSPI,KR7015020001
우리엔터프라이즈,KOSDAQ,KR7037400009
바른손이앤에이,KOSDAQ,KR7035620004
삼보산업,KOSDAQ,KR7009620006
E8,KOSDAQ,KR7418620001
스튜디오삼익,KOSDAQ,KR7415380005
비츠로시스,KOSDAQ,KR7054220009
엘에이티,KONEX,KR7311060008
한국정보공학,KOSDAQ,KR7039740006
로지시스,KOSDAQ,KR7067730002
머니무브,KONEX,KR7179720008
지니틱스,KOSDAQ,KR7303030001
지란지교시큐리티,KOSDAQ,KR7208350009
진도,KOSPI,KR7088790001
에이치케이,KOSDAQ,KR7044780005
네오리진,KOSDAQ,KR7094860004
BF랩스,KOSDAQ,KR7139050009
넥센타이어1우B,KOSPI,KR7002351005
이노인스트루먼트,KOSDAQ,KR7215790007
세중,KOSDAQ,KR7039310008
비스토스,KOSDAQ,KR7419540000
태원물산,KOSPI,KR7001420009
아시아종묘,KOSDAQ,KR7154030001
바이오인프라,KOSDAQ,KR7199730003
스타플렉스,KOSDAQ,KR7115570004
핌스,KOSDAQ,KR7347770000
코나솔,KONEX,KR7176590008
지에이이노더스,KONEX,KR7076340009
링크드,KOSDAQ,KR7193250008
에이펙스인텍,KONEX,KR7207490004
이엘피,KOSDAQ,KR7063760003
스튜디오산타클로스,KOSDAQ,KR7204630008
스코넥,KOSDAQ,KR7276040003
인베니아,KOSDAQ,KR7079950002
대상우,KOSPI,KR7001681006
윈하이텍,KOSDAQ,KR7192390003
대교우B,KOSPI,KR7019681006
나노캠텍,KOSDAQ,KR7091970004
인바이오,KOSDAQ,KR7352940001
우진비앤지,KOSDAQ,KR7018620005
아이스크림에듀,KOSDAQ,KR7289010001
대산F&B,KOSDAQ,KR7065150005
베셀,KOSDAQ,KR7177350006
레이저쎌,KOSDAQ,KR7412350001
휴맥스홀딩스,KOSDAQ,KR7028080000
에스티오,KOSDAQ,KR7098660004
벨로크,KOSDAQ,KR7424760007
에프알텍,KOSDAQ,KR7073540007
이노진,KOSDAQ,KR7344860002
아하,KONEX,KR7102950003
한진칼우,KOSPI,KR718064K016
롯데지주우,KOSPI,KR700499K014
한탑,KOSDAQ,KR7002680007
티피씨글로벌,KOSDAQ,KR7130740004
아이엘커누스,KONEX,KR7403810005
빌리언스,KOSDAQ,KR7044480002
웰크론한텍,KOSDAQ,KR7076080001
판타지오,KOSDAQ,KR7032800005
패션플랫폼,KOSDAQ,KR7225590009
알톤,KOSDAQ,KR7123750002
에스디시스템,KOSDAQ,KR7121890008
퓨쳐메디신,KONEX,KR7341170009
펨토바이오메드,KONEX,KR7327610002
삼일,KOSDAQ,KR7032280000
셀레믹스,KOSDAQ,KR7331920009
신라에스지,KOSDAQ,KR7025870007
씨엔플러스,KOSDAQ,KR7115530008
플라즈맵,KOSDAQ,KR7405000001
SHD,KOSPI,KR7001770007
유디엠텍,KOSDAQ,KR7389680000
에이텀,KOSDAQ,KR7355690009
한국유니온제약,KOSDAQ,KR7080720006
디지아이,KOSDAQ,KR7043360007
글로벌에스엠,KOSDAQ,KYG3931T1076
다산솔루에타,KOSDAQ,KR7154040000
볼빅,KONEX,KR7206950008
크린앤사이언스,KOSDAQ,KR7045520004
비유테크놀러지,KOSDAQ,KR7230980005
인터엠,KOSDAQ,KR7017250002
노드메이슨,KONEX,KR7317860005
삼영에스앤씨,KOSDAQ,KR7361670003
엑사이엔씨,KOSDAQ,KR7054940002
녹십자홀딩스2우,KOSPI,KR7005252002
한국주강,KOSPI,KR7025890005
유비온,KOSDAQ,KR7084440007
제이케이시냅스,KOSDAQ,KR7060230000
케이피티유,KOSDAQ,KR7054410006
전진바이오팜,KOSDAQ,KR7110020005
파커스,KOSDAQ,KR7065690000
에스폴리텍,KOSDAQ,KR7050760008
나노씨엠에스,KOSDAQ,KR7247660004
엘디티,KOSDAQ,KR7096870001
블루탑,KONEX,KR7191600006
삼진엘앤디,KOSDAQ,KR7054090006
브이씨,KOSDAQ,KR7365900000
메디앙스,KOSDAQ,KR7014100002
타스컴,KONEX,KR7336040001
한국미라클피플사,KONEX,KR7331660001
토박스코리아,KOSDAQ,KR7215480005
케이이엠텍,KOSDAQ,KR7106080005
세진티에스,KOSDAQ,KR7067770008
엔에이치스팩30호,KOSDAQ,KR7466910007
이퓨쳐,KOSDAQ,KR7134060003
일정실업,KOSPI,KR7008500001
인콘,KOSDAQ,KR7083640003
윌비스,KOSPI,KR7008600009
케스피온,KOSDAQ,KR7079190005
메디안디노스틱,KONEX,KR7233250000
무진메디,KONEX,KR7322970005
플럼라인생명과학,KONEX,KR7222670002
에이엔피,KOSPI,KR7015260003
태양3C,KONEX,KR7052960002
틸론,KONEX,KR7217880004
바이온,KOSDAQ,KR7032980005
지엔코,KOSDAQ,KR7065060006
플루토스,KOSDAQ,KR7019570001
원풍물산,KOSDAQ,KR7008290009
캐리,KOSDAQ,KR7313760001
듀오백,KOSDAQ,KR7073190001
비케이홀딩스,KOSDAQ,KR7050090000
오에스피,KOSDAQ,KR7368970000
국일신동,KOSDAQ,KR7060480001
광동헬스바이오,KONEX,KR7086220001
대동금속,KOSDAQ,KR7020400008
애니메디솔루션,KONEX,KR7390110005
아이씨에이치,KOSDAQ,KR7368600003
KC그린홀딩스,KOSPI,KR7009440009
파멥신,KOSDAQ,KR7208340000
웰킵스하이텍,KOSDAQ,KR7043590009
광진실업,KOSDAQ,KR7026910000
엔피케이,KOSDAQ,KR7048830004
참엔지니어링,KOSPI,KR7009310004
에스아이리소스,KOSDAQ,KR7065420002
LX하우시스우,KOSPI,KR7108671009
이엠앤아이,KOSDAQ,KR7083470005
미쥬,KONEX,KR7351020003
미래에셋비전스팩4호,KOSDAQ,KR7477380000
에스에스알,KOSDAQ,KR7275630002
피씨엘,KOSDAQ,KR7241820000
제이엠멀티,KONEX,KR7254160005
아이톡시,KOSDAQ,KR7052770005
미래에셋비전스팩7호,KOSDAQ,KR7482680006
하이트진로2우B,KOSPI,KR7000082008
이비테크,KONEX,KR7208850008
코스텍시스템,KONEX,KR7169670007
더코디,KOSDAQ,KR7224060004
KD,KOSDAQ,KR7044180008
타조이엔터테인먼트,KONEX,KR7476710009
스타에스엠리츠,KOSPI,KR7204210009
노블엠앤비,KOSDAQ,KR7106520000
대한제당우,KOSPI,KR7001791003
넥센우,KOSPI,KR7005721006
KB제33호스팩,KOSDAQ,KR70072Z0006
뷰티스킨,KOSDAQ,KR7406820001
이성씨엔아이,KONEX,KR7379390008
예선테크,KOSDAQ,KR7250930005
골드앤에스,KOSDAQ,KR7035290006
유아이디,KOSDAQ,KR7069330009
하나36호스팩,KOSDAQ,KR70101C0008
대신밸런스제16호스팩,KOSDAQ,KR7457630002
비엘팜텍,KOSDAQ,KR7065170003
에이치엠씨제7호스팩,KOSDAQ,KR7477340004
삼성스팩10호,KOSDAQ,KR70044K0008
드래곤플라이,KOSDAQ,KR7030350003
하나30호스팩,KOSDAQ,KR7469880009
창대정밀,KONEX,KR7368030003
씨엑스아이,KOSDAQ,KYG2114A1094
CS,KOSDAQ,KR7065770000
서울전자통신,KOSDAQ,KR7027040005
뉴보텍,KOSDAQ,KR7060260007
한국ANKOR유전,KOSPI,KR7152550000
프로브잇,KOSDAQ,KR7227100005
아이케이세미콘,KONEX,KR7149010001
삼성스팩12호,KOSDAQ,KR70096B0006
유안타제15호스팩,KOSDAQ,KR7473050003
미래에셋비전스팩6호,KOSDAQ,KR7478440001
엔에스엠,KONEX,KR7238170005
한국제15호스팩,KOSDAQ,KR7479880007
더콘텐츠온,KONEX,KR7302920004
한주에이알티,KOSDAQ,KR7058450008
에이리츠,KOSPI,KR7140910001
세니젠,KOSDAQ,KR7188260004
케이엠제약,KOSDAQ,KR7225430008
미래에셋비전스팩11호,KOSDAQ,KR70099W0008
삼양사우,KOSPI,KR7145991006
셀레스트라,KOSDAQ,KR7352770002
키움제11호스팩,KOSDAQ,KR7489480004
솔루스첨단소재2우B,KOSPI,KR733637K028
엔에이치스팩31호,KOSDAQ,KR7481890002
올리패스,KOSDAQ,KR7244460002
대신밸런스제17호스팩,KOSDAQ,KR7471050005
바이오텐,KONEX,KR7289170003
NPC우,KOSPI,KR7004251005
디비금융제13호스팩,KOSDAQ,KR7489730002
KB제29호스팩,KOSDAQ,KR7478390008
앤씨앤,KOSDAQ,KR7092600006
미래에셋비전스팩10호,KOSDAQ,KR70097F0001
DB금융스팩12호,KOSDAQ,KR7477760003
교보16호스팩,KOSDAQ,KR7482520004
LX홀딩스1우,KOSPI,KR738380K012
루트락,KONEX,KR7253610000
미래에셋비전스팩8호,KOSDAQ,KR70093G0004
KB제32호스팩,KOSDAQ,KR70037T0008
메디콕스,KOSDAQ,KR7054180005
큐라켐,KONEX,KR7456190008
엔에스컴퍼니,KONEX,KR7224760009
KB제31호스팩,KOSDAQ,KR7492220009
IBKS제25호스팩,KOSDAQ,KR70099X0007
엔에이치스팩32호,KOSDAQ,KR70054V0002
대상홀딩스우,KOSPI,KR7084691005
JW중외제약2우B,KOSPI,KR7001062009
신영스팩11호,KOSDAQ,KR70091W0006
삼영이엔씨,KOSDAQ,KR7065570004
대신밸런스제19호스팩,KOSDAQ,KR7482690005
코이즈,KOSDAQ,KR7121850002
하나35호스팩,KOSDAQ,KR70041L0000
디에이치엑스컴퍼니,KOSDAQ,KR7031860000
해성산업1우,KOSDAQ,KR703481K019
삼성스팩11호,KOSDAQ,KR70071M0002
메리츠제1호스팩,KOSDAQ,KR70088D0004
미래에셋비전스팩5호,KOSDAQ,KR7477470009
신한제14호스팩,KOSDAQ,KR7487360000
신한제12호스팩,KOSDAQ,KR7474660008
하나31호스팩,KOSDAQ,KR7469900005
비엔케이제2호스팩,KOSDAQ,KR7473370005
스타코링크,KOSDAQ,KR7060240009
신한제16호스팩,KOSDAQ,KR7496070004
하나29호스팩,KOSDAQ,KR7454640004
유진스팩12호,KOSDAQ,KR70105P0009
유안타제16호스팩,KOSDAQ,KR7474490000
유유제약1우,KOSPI,KR7000221002
대덕1우,KOSPI,KR700806K010
교보17호스팩,KOSDAQ,KR7489210005
KB제30호스팩,KOSDAQ,KR7486630007
유안타제11호스팩,KOSDAQ,KR7444920003
교보19호스팩,KOSDAQ,KR70098T0004
미래에셋비전스팩9호,KOSDAQ,KR70096D0004
상상인제4호스팩,KOSDAQ,KR7452670003
코오롱글로벌우,KOSPI,KR7003071008
태양금속우,KOSPI,KR7004101002
계양전기우,KOSPI,KR7012201000
타임기술,KONEX,KR7318660008
디비금융제14호스팩,KOSDAQ,KR70004Y0000
유안타제17호스팩,KOSDAQ,KR7493790000
하이제8호스팩,KOSDAQ,KR7450050000
한화플러스제4호스팩,KOSDAQ,KR7455310003
나눔테크,KONEX,KR7244880001
에스케이증권제9호스팩,KOSDAQ,KR7455910000
교보18호스팩,KOSDAQ,KR70041B0002
신영스팩10호,KOSDAQ,KR7472220003
코리아써키트2우B,KOSPI,KR700781K015
이베스트스팩6호,KOSDAQ,KR7478110000
유안타제12호스팩,KOSDAQ,KR7446150005
키움히어로제1호스팩,KOSDAQ,KR7466690005
한화플러스제5호스팩,KOSDAQ,KR7498390004
JW중외제약우,KOSPI,KR7001061001
대동고려삼,KONEX,KR7178600003
대주이엔티,KONEX,KR7114920002
덕성우,KOSPI,KR7004831004
유진스팩11호,KOSDAQ,KR7488060005
크로넥스,KONEX,KR7215570003
한양증권우,KOSPI,KR7001751007
IBKS제23호스팩,KOSDAQ,KR7467930004
유안타제14호스팩,KOSDAQ,KR7450940002
IBKS제24호스팩,KOSDAQ,KR7469480008
엄지하우스,KONEX,KR7224810002
대원전선우,KOSPI,KR7006341002
하나34호스팩,KOSDAQ,KR7484130000
SK증권우,KOSPI,KR7001511005
한국제13호스팩,KOSDAQ,KR7464440007
KB제25호스팩,KOSDAQ,KR7455250001
신한제15호스팩,KOSDAQ,KR7487830002
에이치엠씨제6호스팩,KOSDAQ,KR7462020009
유진스팩10호,KOSDAQ,KR7468760004
에스케이증권제13호스팩,KOSDAQ,KR7473950004
교보15호스팩,KOSDAQ,KR7465320000
키움제10호스팩,KOSDAQ,KR7487720005
교보14호스팩,KOSDAQ,KR7456490002
한국제12호스팩,KOSDAQ,KR7458610003
데이터스트림즈,KONEX,KR7199150004
비엔케이제3호스팩,KOSDAQ,KR70068Y0003
에스케이증권제11호스팩,KOSDAQ,KR7472230002
지앤이헬스케어,KONEX,KR7299480004
수프로,KONEX,KR7185190006
성신양회우,KOSPI,KR7004981007
엘에스스팩1호,KOSDAQ,KR70041J0004
판도라티비,KONEX,KR7202960001
안지오랩,KONEX,KR7251280004
아이오바이오,KONEX,KR7447690009
로보쓰리에이아이,KONEX,KR7238500003
신한제13호스팩,KOSDAQ,KR7474930005
하나33호스팩,KOSDAQ,KR7475250007
투비소프트,KOSDAQ,KR7079970000
노루홀딩스우,KOSPI,KR7000321000
오건에코텍,KONEX,KR7212310007
크라운제과우,KOSPI,KR726490K013
에스케이증권제10호스팩,KOSDAQ,KR7457940005
코셋,KONEX,KR7189350002
켈스,KONEX,KR7402420004
하나32호스팩,KOSDAQ,KR7475240008
에스케이증권제12호스팩,KOSDAQ,KR7473000008
메디젠휴먼케어,KONEX,KR7236340006
씨앗,KONEX,KR7103660007
바이오인프라생명과학,KONEX,KR7266470004
에이원알폼,KONEX,KR7234070001
태영건설우,KOSPI,KR7009411000
인터로이드,KONEX,KR7311960009
오션스바이오,KONEX,KR7332190008
바이오프로테크,KONEX,KR7199290008
엔지브이아이,KONEX,KR7093510006
하이트진로홀딩스우,KOSPI,KR7000141002
일양약품우,KOSPI,KR7007571003
세븐브로이맥주,KONEX,KR7267080000
노루페인트우,KOSPI,KR7090351008
남선알미우,KOSPI,KR7008351009
제노텍,KONEX,KR7066830001
흥국화재우,KOSPI,KR7000541003
마이크로엔엑스,KONEX,KR7448780007
티와이홀딩스우,KOSPI,KR736328K013
에스제이켐,KONEX,KR7217910009
엘리비젼,KONEX,KR7276240009
아이엠,KOSDAQ,KR7101390003
금호건설우,KOSPI,KR7002991008
팡스카이,KONEX,KR7266350008
타이드,KONEX,KR7346010002
더테크놀로지,KOSDAQ,KR7043090000
크라운해태홀딩스우,KOSPI,KR7005741004
금강공업우,KOSPI,KR7014281000
동원시스템즈우,KOSPI,KR7014821003
동부건설우,KOSPI,KR7005961008
테크트랜스,KONEX,KR7258050004
미래엔에듀파트너,KONEX,KR7208890004
이앤에치,KONEX,KR7341310001
태양기계,KONEX,KR7116100009
유니포인트,KONEX,KR7121060008
깨끗한나라우,KOSPI,KR7004541009
가이아코퍼레이션,KONEX,KR7296520000
큐엠씨,KONEX,KR7136660008
씨알푸드,KONEX,KR7236030003
유유제약2우B,KOSPI,KR7000222000
위월드,KONEX,KR7140660002
럭스피아,KONEX,KR7092590009
티엘엔지니어링,KONEX,KR7413300005
인트로메딕,KOSDAQ,KR7150840007
씨앤에스링크,KONEX,KR7245450002
동양우,KOSPI,KR7001521004
성문전자우,KOSPI,KR7014911002
CJ씨푸드1우,KOSPI,KR7011151008
진흥기업우B,KOSPI,KR7002781003
썬테크,KONEX,KR7217320001
아퓨어스,KONEX,KR7149300006
서울식품우,KOSPI,KR7004411005
동양2우B,KOSPI,KR7001522002
소프트센우,KOSDAQ,KR7032681009
대호특수강우,KOSDAQ,KR7021041009
진흥기업2우B,KOSPI,KR7002782001
뿌리깊은나무들,KONEX,KR7266170000
나라소프트,KONEX,KR7288490006
웰바이오텍,KOSPI,KR7010600005
국보,KOSPI,KR7001140003
로지스몬,KONEX,KR7223220005
푸른소나무,KOSDAQ,KR7057880007
이노벡스,KONEX,KR7279060008
